code,Name,News_size,Market_cap,Shares_outstanding,Positive,Negitive,None
2330,TSMC,1566,"15,298,924.2","25,930,380,458",531,698,47
2317,HON HAI,1464,"1,483,339.93","13,862,990,609",725,429,122
3008,LARGAN,1343,"277,669.8","134,140,197",389,788,99
2454,MTK,1140,"1,459,667.88","1,598,760,298",552,433,291
2891,CFHC,1040,"452,330.1448","19,496,989,569",393,572,311
2882,CATHAY,1035,"765,131.101","13,169,210,128",415,524,337
2881,Fubon,1035,"868,845.3504","11,804,964,394",424,502,350
2412,CHT,961,"857,197.783","7,757,446,545",624,224,428
2888,SKFH,948,"137,540.06514","14,020,394,063",355,520,401
2883,CDIBH,869,"212,855.941","15,005,100,475",363,457,456
2886,MEGA FHC,867,"454,234.0882","13,599,823,983",305,504,467
2344,WEC,860,"104,674","3,980,000,193",333,465,478
2885,Yuanta  Group,816,"299,794.6445","12,137,435,914",309,466,501
2884,E.S.F.H,815,"354,564.63","13,354,600,000",296,475,505
2890,SINOPACHOLDINGS,812,"159,485.4141","11,271,054,106",348,402,526
2408,NTC,804,"205,956.0195","3,097,083,894",319,411,546
2892,FFHC,786,"296,879.2411","12,964,159,088",311,415,550
2409,AUO,760,"184,785.504","9,624,245,115",413,230,633
3481,INX,739,"175,373.4969","10,501,407,857",370,259,647
2887,TSFHC,732,"208,221.23975","11,409,383,170",278,401,597
2308,DELTA,731,"636,398.035","2,597,543,329",351,312,613
2498,HTC,670,"53,721.7424","818,929,385",384,202,690
3406,GSEO,620,"47,857.3425","112,007,663",216,355,705
4904,Far EasTone,610,"199,420.2","3,258,500,810",481,62,733
2356,INVENTEC,608,"95,247.46125","3,587,475,066",270,263,743
2880,HNFHC,596,"268,500.8304","13,194,144,970",205,358,713
2492,WTC,586,"73,356.404","485,804,299",225,325,726
2357,ASUSTEK,579,"262,194.28","742,760,280",392,123,761
2353,ACER,561,"79,244.178","3,047,853,828",414,92,770
3045,TWM,555,"344,568.5001","3,512,421,461",414,78,784
2618,EVAAIR,555,"96,714.9768","5,130,768,585",253,261,762
6505,FPCC,548,"952,595.9","9,525,959,652",193,300,783
2303,UMC,514,"720,549.602","12,423,269,493",284,188,804
2912,PCSC,513,"292,133.782","1,039,622,255",376,90,810
5880,TCFHC,510,"307,380.5208","13,600,908,200",177,306,793
4938,Pegatron,502,"181,528.108","2,669,531,056",266,148,862
2327,YAGEO,498,"215,228.412","495,918,857",272,176,828
3711,ASEH,480,"437,416.6136","4,403,414,582",253,186,837
6488,GWC,467,"332,310","437,250,000",236,174,865
6456,GIS,453,"32,813.8769","337,939,800",184,243,849
3231,Wistron,452,"84,778.4624","2,903,372,050",267,115,894
2301,LTC,441,"144,108.1471","2,350,867,032",187,228,861
2382,QCI,440,"301,284.906","3,862,627,432",272,95,909
6153,Career Tech.,431,"13,904.425","556,177,694",176,215,885
2002,CSC,426,"528,691.296","15,734,860,997",263,116,897
8454,momo,407,"325,916.04","182,076,050",312,48,916
2456,CHILISIN,404,"22,683.3033","263,481,193",168,216,892
2313,COMPEQ MFG,402,"48,089.937","1,191,820,589",183,141,952
2207,HOTAIMOTOR,395,"334,261.548","546,179,184",228,142,906
3673,TPK,388,"17,283.1775","406,663,759",142,214,920
2337,Macronix,383,"72,757.0032","1,856,046,002",208,140,928
5483,SAS,381,"111,089.002865","586,221,651",182,170,924
3037,UNIMICRON,379,"285,899.08","1,504,732,333",182,136,958
3682,APT,378,"23,185.52308","4,317,196,399",246,94,936
2324,Compal,377,"107,754.7197","4,407,146,625",226,95,955
2610,CAL,373,"97,546.6524","5,671,317,760",222,121,933
3042,TXC,373,"31,750.0925","309,757,040",225,100,951
1301,FPC,367,"684,317.05","6,365,740,781",191,117,968
2889,Waterland,364,"47,660.3772","2,997,508,555",141,205,930
2474,CATCHER,351,"122,620.498","761,618,069",172,136,968
2368,GCE,347,"36,286.7368","546,487,841",126,205,945
3026,HOLY STONE,342,"18,642.82","157,990,779",115,216,945
2371,TATUNG CO.,338,"80,480.0384","2,339,536,685",161,141,974
8044,PChome,335,"17,147.61967","127,635,909",258,38,980
1402,FENC,332,"155,768.6625","5,352,875,227",149,172,955
2352,Qisda,327,"60,970.211","1,966,781,958",201,105,970
3044,Tripod,311,"61,758.5875","525,605,898",161,53,1062
2633,THSRC,294,"76,351.91165","5,628,293,058",148,125,1003
3105,WIN,293,"151,594.79478","424,041,384",174,92,1010
2027,TC,286,"88,673.72975","1,658,465,853",115,164,997
2395,ACL,285,"280,500.627","772,729,511",212,46,1018
2383,EMC,275,"80,066.779","332,918,299",121,132,1023
8086,AWSC,274,"31,344.321619","196,516,123",142,113,1021
1326,FCFC,272,"471,825.473","5,861,186,291",130,96,1050
6173,P.D.C.,271,"9,322.4","172,000,000",89,173,1014
2834,TBB,263,"73,250.6247","7,743,195,295",117,134,1025
2449,KYEC,262,"48,604.11375","1,222,745,065",126,120,1030
5876,SCSB,261,"197,190.532","4,481,603,140",134,110,1031
1303,NPC,259,"674,912.8671","7,930,821,589",143,79,1054
2377,MSI,258,"118,279.84","844,856,199",183,53,1040
5903,FamilyMart,252,"57,813.98","223,220,000",210,23,1043
6269,FLEXIUM,252,"33,768.6751","351,391,759",138,73,1065
6209,KINKO,252,"5,137.307","163,146,931",78,163,1035
2603,EMC,251,"526,439.2765","5,290,847,369",146,76,1054
2015,FH,249,"45,539.2017","581,599,424",124,114,1038
2609,YMTC,248,"285,257.7635","3,492,104,270",155,70,1051
3576,URE,247,"38,906.81","1,507,900,265",131,90,1055
3260,ADATA,247,"21,660.21701","260,264,164",165,58,1053
4958,ZDT,243,"90,916.704","947,049,161",112,78,1086
3362,ABILITY,241,"9,497.612536","131,545,880",93,135,1048
2049,HIWIN,233,"105,304.728","340,792,240",151,50,1075
8477,KUOBROTHERS,230,"1,157.877513","31,592,838",198,17,1060
3532,FST,228,"61,086.06","387,848,300",94,121,1061
8299,Phison,227,"76,957.394267","197,073,993",135,69,1072
1907,YFY,226,"53,131.872","1,660,371,495",118,97,1061
5469,HSB,224,"22,035.9897","528,441,352",89,118,1069
4142,ADIM,224,"18,876.83265","429,507,750",119,86,1071
3034,NOVATEK,222,"252,836.3205","608,511,469",135,61,1080
3630,NEWMAX,219,"7,561.07536","184,191,848",86,124,1066
6271,THEIL,214,"47,178.912","178,708,282",99,102,1075
1216,UNI,214,"378,422.199","5,682,015,421",143,53,1080
6278,TSMT,214,"32,748.576","292,398,353",88,118,1070
5347,VIS,208,"236,832.937582","1,638,982,267",141,43,1092
1101,TCC,206,"295,462.735","6,123,580,010",139,45,1092
9958,CIAS,206,"26,096.333","230,941,856",86,98,1092
2367,UNITECH,206,"11,211.2667","619,407,175",107,58,1111
6116,Hannstar,206,"42,683.3226","3,027,186,851",106,79,1091
2376,GIGABYTE,205,"71,514.9","635,688,886",131,54,1091
2379,RT,202,"254,831.316","510,684,875",137,46,1093
3504,Young Optics,200,"14,941.729","114,059,785",64,132,1080
2448,-,200,-,-,0,0,0
6414,ENNOCONN,196,"17,813.408","96,812,019",135,41,1100
3563,MACHVISION,194,"10,466.352","44,728,234",133,37,1106
6510,CHPT,191,"26,001.694446","32,789,022",130,42,1103
3708,Swancor,189,"9,228.8448","93,504,604",109,55,1111
2801,C.H.B,187,"172,012.548","10,488,570,842",109,59,1108
2727,WOWPRIME,180,"11,086.128","76,987,883",123,31,1122
5478,SOFT-WORLD,179,"11,396.205281","127,474,332",119,30,1127
2201,YL,179,"41,100","1,000,000,000",131,32,1113
1605,WALSIN,173,"89,043.0654","3,431,332,948",112,44,1120
6547,MVC,173,"51,092.76","212,492,000",79,68,1128
3702,WPG,172,"87,143.0064","1,679,056,833",100,57,1119
8069,EIH,171,"104,803.193309","1,140,404,715",132,27,1117
2439,MERRY,171,"17,853.5934","211,197,642",103,49,1124
1477,Makalot,168,"58,650.08","241,856,581",115,37,1124
5820,JIHSUN FHC,167,"49,041.879653","3,772,452,281",71,82,1123
1476,ECLAT,166,"166,540.769","274,367,111",108,43,1125
3324,AURAS,165,"14,098.857674","88,394,092",105,34,1137
2227,YNM,163,"76,200","300,000,000",111,42,1123
4979,LuxNet,162,"2,335.98251","132,726,279",80,64,1132
1504,TECO,161,"64,484.6994","2,138,796,616",117,25,1134
3019,ASIA,159,"24,875.8455","281,083,901",86,51,1139
1760,-,158,-,-,64,81,1131
6244,MOTECH,158,"11,396.844188","355,041,875",78,64,1134
3441,UNIQUE,157,"1,669.664664","40,039,920",42,114,1120
1536,HOTA,156,"26,190.7429","279,517,513",95,38,1143
1319,OTN,155,"19,991.9226","591,477,068",101,41,1134
2031,Hkssteel,154,"18,690.6972","321,146,341",50,94,1132
3006,ESMT,149,"40,776.375","286,156,953",62,80,1134
2615,WANHAI,148,"390,420.32","2,440,127,212",92,46,1138
6180,GAMANIA,148,"10,125.979162","175,493,573",90,38,1148
1314,CPDC,146,"39,746.685","3,284,850,130",91,43,1142
2707,GFRT,146,"18,919.0485","127,403,238",111,25,1140
3085,NEWRETAIL,146,528.424347,"48,038,577",118,15,1142
2636,T3EX,145,"18,673.008","144,752,230",92,41,1142
2354,FTC,145,"97,316.568","1,414,485,192",77,49,1150
2345,ACCTON,145,"136,320.553","559,838,397",95,39,1142
2204,CMC,143,"38,365.866","553,620,342",104,35,1137
2731,Liontravel,142,"6,445.425","73,662,764",96,37,1143
3545,FocalTech,141,"34,654.72","216,592,142",82,43,1151
2809,KTB,141,"46,531.211","1,121,234,265",65,69,1142
2542,Highwealth,141,"58,028.78685","1,307,931,580",85,45,1146
9921,GIANT,139,"120,958.14","375,064,626",96,29,1151
9914,MIC,138,"86,406.087","298,983,800",83,46,1147
5371,Coretronic,138,"22,442.315714","390,981,110",88,43,1145
6443,TSEC,137,"14,845.0068","445,796,730",86,36,1154
3059,Altek,136,"10,502.2064","279,314,525",53,79,1144
2458,ELAN,136,"50,747.96","303,880,392",91,31,1154
2823,CHINA LIFE,136,"142,698.937","4,731,397,242",106,29,1141
3189,KINSUS,135,"110,005.936","450,844,060",74,53,1149
8039,TAIFLEX,134,"9,964.52035","209,119,692",79,38,1159
2729,TTFB,133,"5,362.96974","23,266,680",102,12,1162
5608,S. W.,133,"13,434.0936","279,267,090",47,80,1149
6213,ITEQ,132,"49,209.9745","382,957,218",78,27,1171
9940,Sinyi,132,"24,536.9718","736,846,500",96,25,1155
2903,FEDS,131,"31,314.374","1,416,940,589",102,17,1157
6230,NCCI,130,"14,419.281","86,343,396",96,17,1163
6669,Wiwynn,129,"155,432.76","174,840,791",79,32,770
2614,EMIC,129,"16,794.1625","528,950,395",100,18,1158
5274,ASPEED,129,"95,213.31249","34,373,037",83,35,1158
4133,Abnova,128,"2,222.2951","60,553,594",38,86,1152
5609,DIMERCO,128,"11,716.488","136,080,000",88,25,1163
2355,CHIN-POON,128,"11,885.1005","397,495,420",53,34,1189
2723,Gourmet,128,"23,580","180,000,000",75,30,1171
6446,PEC,127,"25,619.377345","263,539,341",77,41,1158
2732,La Kaffa,127,"4,421.713746","43,470,127",98,11,1167
4721,MECHEMA,127,"12,785.164832","74,986,304",63,57,1156
3443,GUC,126,"80,138.578","134,011,911",82,34,1160
9919,KNH,126,"4,307.7321","195,362,750",43,77,1156
3665,BHI (BizLink),126,"34,277.634","133,690,112",79,29,1168
6191,GBM,125,"16,766.61105","474,303,000",50,63,1163
2455,VPEC,124,"25,979.1525","184,905,918",67,40,1169
2014,CHUNG HUNG,124,"50,387.5944","1,435,544,446",73,44,1159
1268,Hi-Lai Foods,123,"4,545.709465","37,723,730",90,18,1167
6492,SH,122,"11,262.82431","89,743,620",62,55,1158
8046,N.P.C,122,"316,943.9325","646,165,487",61,56,1159
3376,SZS,122,"19,190.7545","192,485,346",62,56,1158
8215,BMC,122,"12,618.5219","320,674,514",62,48,1166
4960,CMMT,121,"7,981.6632","670,728,500",57,50,1169
1702,NAMCHOW,121,"14,235.9888","294,132,962",76,37,1163
2472,LELON,119,"10,248.1542","160,378,036",29,89,1158
2436,Weltrend,119,"14,436.5299","178,009,961",56,54,1166
6111,SOFTSTAR,118,"4,256.589226","63,064,318",55,49,1172
2748,FDC,117,"3,189.1145","75,482,550",89,16,1170
4551,GLOBAL PMX,117,"20,279.072","115,222,498",79,25,1171
5269,Asmedia,114,"112,482.5","69,220,641",65,39,1172
1309,TTC,113,"13,101.4284","378,654,141",44,66,1166
2316,WUS,113,"5,189.816","182,740,536",47,59,1170
9910,FT,113,"190,443.096","881,681,099",84,22,1170
2845,FEIB,112,"36,720.91335","3,513,963,236",67,44,1165
6150,Tul,112,"6,732.24435","44,881,629",63,43,1170
8043,3H,111,"2,125.530722","79,907,170",44,67,1165
2393,EVERLIGHT,111,"21,947.9535","443,393,086",64,34,1178
2637,WISDOM,110,"48,740.5077","746,409,199",68,30,1178
3293,IGS,109,"50,301.57846","70,450,390",78,16,1182
4174,OBI,109,"21,223.253331","199,279,374",52,43,1181
3090,NDB,108,"9,004.3128","178,657,150",30,77,1169
3680,Gudeng,108,"20,350.523424","84,092,233",77,20,1179
5264,-,108,-,-,0,0,0
1815,FFG,107,"7,498.0227","418,451,404",62,25,1189
2013,CSSC,107,"11,100","200,000,000",37,58,1181
6196,MIC,106,"21,824.877","187,388,200",68,23,1185
6533,ANDES,106,"25,527.6","50,650,911",56,42,1177
6239,PTI,106,"75,888.8204","779,146,634",70,29,1177
1102,ACC,106,"152,660.3251","3,446,057,251",67,30,1179
6005,CSC,105,"32,889.2562","2,170,908,097",65,35,1176
3698,-,105,-,-,0,0,0
3017,AVC,105,"29,289.399","353,310,157",58,39,1179
6552,JMC,104,"4,863.8","83,000,000",54,49,1172
6416,CASWELL,104,"6,747.9336","73,188,875",65,28,1183
2208,CSBC,103,"20,309.7738","931,641,842",78,15,1183
6182,WAFER WORK,103,"34,725.679591","540,898,436",62,33,1181
3413,Fiti,102,"17,933.014","87,800,826",70,20,1186
6462,EGIS,101,"9,377.787405","70,775,754",71,21,1184
3023,SINBON,101,"53,661.76","233,312,928",78,13,1185
3691,GIGASOLAR,100,"15,366.39255","75,883,420",58,32,1186
6176,ROEC,99,"45,247.1271","465,027,263",53,33,1190
2606,U-MING,99,"44,449.893","845,055,712",63,23,1190
4968,Richwave,99,"25,478.784","88,468,906",70,25,1181
9904,PCC,99,"100,485.4367","2,946,787,213",58,34,1184
2855,PSC,98,"32,974.57215","1,455,831,343",53,38,1185
6415,Silergy,98,"428,610.14","93,849,425",56,33,1187
6274,TUC,98,"25,663.80563","268,102,449",54,21,1201
5871,Chailease,98,"385,804.804","1,450,394,432",89,4,1183
2484,SIWARD,98,"5,348.57455","159,421,022",59,19,1198
3227,PXI,98,"22,411.896255","142,191,726",71,13,1192
3338,TAISOL,97,"3,532.6554","87,877,141",66,17,1193
6438,SAA,97,"6,417.439","67,539,943",68,12,1196
8105,GiantPlus,97,"5,188.142","441,544,851",55,34,1187
2705,LEOFOO,97,"3,366.9748","191,312,830",67,21,1188
5388,SERCOMM,97,"16,038.0038","251,774,767",71,20,1185
3380,Alpha,97,"11,926.386","541,718,460",68,21,1187
1312,GPPC,97,"24,478.74","906,620,328",51,34,1191
1762,CCSB,95,"5,056.912","77,560,000",26,64,1186
4147,TMB,95,"16,854.1744","252,304,000",64,25,1187
2006,TUNG HO,95,"44,030.7884","730,213,818",35,55,1186
2392,FOXLINK,93,"19,775.7836","512,326,940",66,21,1189
6202,HOLTEK,93,"23,295.304","226,168,200",63,23,1190
3036,WT,93,"49,887.7548","794,391,909",56,25,1195
3081,LandMark,92,"16,309.398095","91,369,177",48,34,1193
3003,KST,92,"15,082.8726","155,654,890",46,43,1187
2841,TLDC,92,"2,587.2062","760,943,600",69,9,1198
1513,CHEM,92,"19,592.9141","476,134,310",45,41,1190
4105,TTY,91,"17,057.387187","248,649,959",52,29,1195
5306,KMC,91,"25,452","126,000,000",64,16,1196
2849,EnTie Bank,91,"25,103.5402","1,957,910,050",47,41,1188
6166,ADLINK,90,"14,615.7984","217,497,257",69,12,1195
2548,HUAKU,90,"25,189.892","276,812,726",70,14,1192
2726,Yummy Town,90,"1,263.080474","36,505,216",66,6,1203
8358,CO-TECH,90,"18,868.3236","252,588,000",50,21,1205
2478,TA-I,90,"9,190.7995","144,737,639",37,47,1192
3515,ASROCK,89,"20,931.387","120,642,429",58,20,1198
3005,Getac,88,"31,029.1193","593,291,900",75,8,1193
3686,Danen,88,"1,821.88365","113,513,643",29,52,1195
1305,CGPC,88,"21,586.0075","581,050,494",51,30,1195
1909,LCP,87,"30,664.44","1,277,685,727",49,29,1198
6589,EirGenix,87,"26,502.398573","243,690,584",50,26,1041
8150,ChipMOS,86,"33,562.126","727,240,126",48,31,1197
8473,FOREST WATER,86,"4,918.8909","144,249,158",71,11,1193
1215,CPE,86,"21,439.2","267,990,998",51,22,1203
3704,Unizyx,86,"13,993.9176","448,523,855",47,36,1193
3491,UMT,86,"7,738.753419","62,158,662",62,21,1193
4915,Primax,86,"23,253.177","451,518,324",54,25,1197
2838,UBOT,86,"38,883.5724","3,295,218,694",58,21,1197
1590,AIRTAC,86,"165,999.17","199,999,998",50,21,1205
4919,NTC,86,"52,485.376","410,042,700",49,28,1199
2867,Mercuries Life,85,"24,506.01918","2,669,501,044",41,41,1194
2206,SYM,85,"21,723.23285","803,077,604",60,15,1201
2897,O-Bank,85,"21,317.4468","2,733,006,301",66,16,1194
9917,TAIWAN SECOM,85,"45,345.2985","451,197,093",74,7,1195
4934,Tainergy,84,"8,392.5","200,000,000",44,20,1212
2425,CHAINTECH,84,"2,720.1464","101,498,831",49,29,1198
8924,O-TA,83,"14,581.2","83,800,000",57,11,1208
2406,GSC,83,"7,147.625","285,905,689",47,26,1203
3083,CHINESEGAMER,82,"3,890.601471","86,252,608",48,18,1210
3228,RDC,82,"26,845.91118","67,792,705",27,55,1194
6121,SMP,82,"55,306.185181","184,970,519",60,16,1200
3546,Userjoy,81,"3,786.755273","48,177,548",53,13,1210
9802,Fulgent Sun,81,"19,178.085","186,195,038",64,11,1201
2332,D-LINK,81,"13,365.918","599,836,473",51,23,1202
2375,KAIMEI,81,"11,791.2592","135,844,168",46,26,1204
2812,T.C.C.B.,81,"51,845.314","4,338,520,558",31,47,1198
1707,GKB,80,"22,078.332","148,137,373",43,33,1200
8028,PSI,80,"6,842.16","140,352,480",39,36,1200
9945,RUENTEX DEVELOP,80,"149,374.4597","2,106,833,397",44,32,1200
3687,OMG,80,"2,927.802313","30,059,572",37,38,1201
4971,IET,80,"2,764.150905","36,514,543",38,37,1201
2504,GBM,78,"30,326","1,180,000,000",56,12,1208
4927,Apex,78,"14,815.086","189,937,988",44,14,1218
4966,Parade,78,"144,352.4145","80,870,500",47,24,1205
6108,APCB,76,"3,437.8285","159,899,311",35,14,1227
1795,Lotus Pharm,76,"22,601.36","262,871,312",57,16,1203
5203,CyberLink,75,"7,135.2915","78,843,300",63,5,1208
8016,Sitronix,75,"32,016.244","120,136,876",50,16,1210
6670,FSP,75,"24,699.155","131,030,000",52,9,807
2915,RUENTEX IND.LTD,75,"79,673.503","734,318,772",37,37,1202
3455,UTECHZONE,74,"3,921.70625","61,468,750",49,15,1212
8074,AURONA,74,"1,657.659534","84,574,466",44,23,1209
1201,Wei Chuan,74,"11,563.5167","506,062,914",53,17,1206
1586,CFTC,74,"3,588.193677","85,818,612",58,10,1208
3529,eMemory,74,"175,001.2316","76,079,742",53,16,1207
6147,CHIPBOND,74,"43,178.942853","671,523,217",52,17,1207
3035,Faraday,73,"49,958.55","248,550,313",47,17,1212
2328,PI,73,"21,070.7649","518,346,282",44,23,1209
3661,Alchip,73,"72,563.5","70,398,943",36,26,1214
2929,TOPBI,73,"1,346.7639","109,493,838",49,18,1209
3221,TST,72,"3,272.233038","102,900,410",41,25,1210
4943,CONCRAFT,72,"8,897.52","157,200,582",36,24,1215
4976,Calin,72,"9,351.1434","138,741,000",37,26,1213
2465,LEADTEK,72,"3,483.155","53,587,301",33,34,1209
3438,AAT,71,"3,900.612901","47,165,815",27,43,1206
8271,Apacer,71,"4,419.1616","101,824,346",46,16,1214
1904,ChengLoong,71,"37,681.316","1,108,274,522",47,18,1211
6598,Applied BioCode,71,"2,663.3222","81,729,218",27,36,1005
2388,VIA,71,"30,701.9295","494,395,941",56,12,1208
2547,RADIUM,70,"9,450.987","900,094,649",45,20,1211
6504,NAN LIU,70,"8,929.8","72,600,000",43,14,1219
1589,YGG,70,"7,090.5497","110,617,519",43,13,1220
6141,PLOTECH,70,"3,197.0672","128,914,450",40,14,1222
2739,MHH,69,"2,615.2847","111,526,000",48,17,1210
2430,TKE,69,"7,041.5964","166,468,825",47,10,1219
6016,concords,69,"7,014.568835","594,454,986",29,37,1210
8021,Topoint,69,"5,907.579","142,180,467",44,21,1211
2634,AIDC,68,"26,560.6494","941,867,101",55,7,1214
6281,E-LIFE,68,"8,270.9448","99,172,945",58,5,1213
6558,SYNST,67,"2,946.474","86,661,725",39,24,1212
2009,FCC,67,"16,254.9144","359,622,165",15,51,1210
8210,CHENBRO,67,"9,088.672","120,860,950",50,13,1213
1256,Sunjuice,67,"12,572.303","33,842,160",51,13,1212
4916,PARPRO,67,"2,173.89855","83,451,568",54,7,1215
5287,ADDCN,67,"10,863.061","42,937,000",49,16,1211
8341,SF,67,"22,244.25","111,500,000",46,14,1216
2397,DFI Inc.,66,"6,388.1216","114,688,857",55,7,1214
5317,-,66,-,-,0,0,0
5522,Farglory,66,"52,523.2512","781,596,241",41,19,1216
2476,GS,66,"12,263.3784","184,968,298",43,16,1217
4123,Center Lab,65,"33,585.741676","505,048,747",49,13,1214
9933,CTCI,65,"27,825.23745","763,381,915",53,7,1216
4152,-,65,-,-,36,26,1214
2101,NK,65,"33,357.36","833,934,904",40,16,1220
6668,Zhong Yang,65,"3,844.2354","78,294,976",37,23,808
6452,-,65,-,-,0,0,0
4946,Cayenne Tech,65,419.374219,"13,660,398",37,20,1219
2331,ECS,65,"13,210.4274","557,402,968",34,27,1215
8462,Fitness Factory,64,"11,223.58","77,404,504",45,10,1221
2104,CSRC,64,"23,633.592","984,733,625",38,17,1221
3289,IST,64,"4,570.476244","84,575,121",40,18,1218
4438,QVE,64,"13,025.25","103,375,292",50,9,1216
5351,Etron,64,"16,024.002212","267,707,347",51,8,1217
6195,SCAN-D,64,"2,567.528605","48,537,813",48,8,1220
2385,CHICONY,64,"59,176.1848","745,292,749",42,18,1216
4743,ONENESS BIOTECH,64,"100,123.310742","382,437,371",38,19,1219
2467,C SUN,63,"6,901.77115","152,189,659",44,11,1221
1905,CHP,62,"24,482.937","1,102,835,316",43,16,1217
3144,ThinFlex,62,"3,834.298275","100,637,750",38,16,1222
2612,CMT,62,"11,098.6008","197,484,593",39,16,1221
3346,Laster Tech,62,"4,066.436","96,504,286",39,18,1218
2399,BIOSTAR,62,"3,606.525","178,100,000",29,30,1217
6690,ACSI,61,"1,878.46906","16,999,720",44,9,657
3163,Browave,61,"2,992.654235","75,286,899",27,28,1221
2404,UIS,61,"34,972.531","190,586,698",43,11,1222
6531,AP Memory,60,"79,990.378","148,681,246",33,18,1225
2908,Test Rite,60,"12,313.77105","509,887,558",47,4,1225
6548,CWTC,59,"37,869.6292","364,131,050",38,18,1219
4555,CHELIC,59,"3,617.568","66,992,617",38,19,1219
3706,MHC,59,"34,688.485","1,206,556,789",46,10,1220
8436,TCI,59,"26,663.081665","118,239,830",45,4,1227
4540,TBI MOTION,59,"4,525.2529","94,178,000",40,10,1225
2926,Eslite Spectrum,59,"2,890.76865","47,389,650",34,18,1224
2017,Quintain,59,"6,974.0868","341,867,462",13,41,1222
4967,TEAM,58,"4,038.5098","91,369,717",37,17,1222
2247,PGUM,58,"17,311.866","80,708,735",43,8,839
6285,WNC,58,"30,793.7725","397,339,302",41,15,1220
4725,-,58,-,-,0,0,0
3454,VIVOTEK,57,"6,426.1223","86,957,393",37,16,1223
2402,ICHIA,57,"4,982.0832","307,536,533",38,14,1224
4803,VHQ,57,708.830772,"59,069,231",43,8,1224
2105,CST,57,"110,532.2515","3,241,415,536",31,20,1225
1533,MORE,57,"5,952.2388","98,547,486",40,12,1224
8163,DARFON,57,"11,690","280,000,001",39,15,1222
2836,B.O.K,57,"13,088.745","1,163,444,458",36,19,1221
8213,TPT,56,"12,721.2498","271,242,488",31,8,1237
2489,AMTRAN,56,"14,325.7074","760,000,000",37,18,1221
2062,SSM,56,"5,629.8311","199,994,152",35,14,1227
6026,GFS,56,"4,786.034629","300,134,867",42,11,1222
9938,TAIWAN PAIHO,56,"25,744.0032","297,963,902",41,15,1220
2704,AMBH,56,"11,099.42075","366,923,343",38,15,1223
6282,AcBel,56,"17,875.0866","516,621,295",41,10,1225
4961,FITIPOWER,56,"39,734.085","186,545,312",37,15,1224
5309,SYSGRATION,56,"5,733.929879","154,553,366",33,21,1222
8916,KLF,56,"5,499.451719","131,236,831",44,9,1223
1507,YUNGTAY,56,"26,538.972","410,820,000",31,22,1223
2642,Pelican,55,"6,911.8108","95,467,000",31,22,1223
6477,Anji,55,"5,162.6084","114,217,708",38,9,1229
5471,SONIX,55,"14,403.8466","167,877,062",40,9,1227
1444,Lealea,55,"11,056.8381","957,302,942",36,12,1228
3675,Eris Tech,55,"12,040.05575","44,428,250",34,12,1230
6672,Ventec,55,"9,038.931","71,454,345",34,15,787
4739,COREMAX,55,"18,355.4735","103,029,269",39,10,1227
6523,DR.WU,54,"4,234.47675","45,047,625",28,21,1226
2520,KINDOM,54,"21,280.128","554,170,100",42,9,1225
1783,MBI,54,"3,528.822","76,999,235",18,35,1223
4736,TaiDoc,54,"16,194.595697","92,336,165",35,11,1230
2481,PAN JIT,54,"43,066.575","332,814,927",33,16,1227
6251,DYNAMIC,54,"5,827.794","277,514,032",30,6,1240
4162,PEI,53,"8,634.553876","146,596,840",39,11,1226
2347,Synnex,53,"89,735.4948","1,667,946,968",41,12,1223
2348,Hiyes,53,"10,560.9312","106,461,925",48,1,1227
2641,Franbo Lines,53,"4,527.261312","188,635,888",34,8,1234
2342,MVI,53,"7,097.2902","156,156,744",34,15,1227
4912,Lemtech-KY,53,"9,284.22","62,520,775",43,2,1231
4974,ATII,53,"4,045.505803","72,500,104",42,7,1227
2451,Transcend,53,"28,961.6175","429,061,675",32,17,1227
3218,UNIVERSAL,53,"24,207.114","76,123,000",19,28,1229
6412,Chicony Power,53,"27,332.6459","392,147,184",43,9,1224
6188,QSI,53,"10,758.571872","278,358,910",30,16,1230
5263,BROGENT,52,"7,256.555488","57,364,075",43,8,1225
3596,Arcadyan,52,"22,021.125","209,725,670",41,9,1226
2228,IRF,52,"5,319.756","75,780,281",30,13,1233
3176,MEDIGEN,52,"7,594.439023","139,257,505",31,14,1231
8255,ATC,52,"23,687.363","91,457,000",36,9,1231
1338,Hiroca,52,"4,091.392","83,840,000",37,11,1228
3530,SOI,52,"11,052.565","78,110,900",21,24,1231
8042,CHINSAN,51,"6,045.901038","129,462,549",13,38,1225
5543,Buima,51,"2,533.319728","37,199,996",38,8,1204
4994,X-LEGEND,51,"5,974.506","110,639,000",26,18,1232
6579,AAEON,51,"9,622.6704","148,498,468",44,7,1182
2338,TMC,51,"20,166.4974","252,713,611",39,10,1227
2231,CUB,51,"20,847.636","121,916,665",36,9,1231
3321,UNIFLEX,50,"2,014.2576","156,144,825",34,11,1231
8466,M.J.,50,"3,547.3683","66,059,000",38,9,1086
4952,Generalplus,50,"7,138.264","108,815,816",35,12,1229
8038,CAEC,50,"2,299.855606","59,814,190",24,25,1227
8938,ADVANCED  GROUP,50,"10,689.705038","135,312,722",35,4,1237
7402,Brinno,50,"1,030.148192","24,822,848",39,9,1227
8499,TOP BRIGHT,49,"5,989.2525","51,855,308",41,5,826
6257,SIGURD,49,"26,046.4694","444,479,142",37,9,1230
8489,Samebest,49,"1,289.244938","37,752,414",42,3,1230
4171,GeneReach,49,"3,317.90765","41,787,250",39,4,1232
4506,GFC,49,"11,611.9872","177,012,000",38,9,1229
8446,HIM Music,49,"4,661.759081","52,914,405",30,12,1234
4414,ROO HSING,48,"6,911.63416","818,914,949",31,16,1229
1304,USI,48,"40,893.4472","1,188,763,500",26,18,1232
1432,TRK,48,967.5,"75,000,000",28,17,1231
6491,PEGAVISION,48,"38,080","70,000,000",32,10,1233
1409,SSFC,48,"30,507.00965","1,618,409,291",37,7,1232
6284,INPAQ,48,"8,200.549949","140,180,341",32,12,1232
4556,BSI,47,"1,283.7446","41,884,000",37,6,1232
5530,LUNG YEN,47,"18,903.788955","420,084,199",25,11,1240
1218,TAISUN,47,"13,649.9727","499,999,038",33,11,1232
2008,KHC,47,"3,695.6768","200,852,293",15,31,1230
8480,Taisun-KY,47,"4,142.985","39,270,000",33,8,1173
3653,JENTECH,47,"45,094.752","122,208,402",34,10,1232
3374,Xintec,47,"36,634.18266","271,364,316",23,22,1231
1210,GREATWALL,47,"45,760.9383","852,159,259",36,5,1235
1310,T.S.M.C.,47,"9,580.82235","527,869,764",17,21,1238
6535,LUMOSA,46,"5,332.481378","151,972,825",39,3,1233
8183,ITC,46,"6,056.490847","121,251,068",31,12,1233
3167,TALIANG,46,"6,474.8272","80,134,116",32,6,1238
1316,SUN YAD,46,"2,706.66725","187,750,771",41,4,1231
3669,AVer,46,"4,683.1176","92,919,950",29,10,1237
2106,KENDA,46,"27,827.946","909,410,000",24,14,1238
8114,POSIFLEX,46,"6,817.811","74,921,772",32,14,1230
1595,CBT,46,"1,845.849446","47,148,134",28,8,1240
4766,NAN PAO,45,"16,759.23","120,570,780",31,6,921
1731,Maywufa,45,"2,558.61375","132,915,244",19,25,1232
4157,TAIGEN,45,"11,433.664591","716,844,175",37,7,1232
1325,UK,45,"3,496.521","85,281,198",21,19,1236
3533,LOTES,45,"61,254.706","105,977,900",36,5,1235
2323,CMC,45,"10,221.33042","1,158,881,200",22,21,1233
2643,Soonest,45,"2,046","30,000,000",29,9,1237
4991,GCS,45,"4,465.60757","91,726,567",22,16,1238
6125,KENMEC,45,"6,922.50997","249,011,150",32,1,1243
2617,TAIWANLINE,45,"14,626.1547","417,294,487",30,10,1236
4935,GLT,45,"10,540.4285","130,937,091",33,5,1238
3303,UNIVACCO,45,"2,272.519206","96,089,607",37,4,1235
4953,WITS,44,"5,674.908262","66,921,088",34,5,1237
6426,APOGEE,44,"2,722.5863","38,509,000",22,14,1240
1599,AEON,44,"2,982.240678","74,528,764",39,2,1235
1785,Solar,44,"29,596.56215","591,931,243",25,15,1236
2464,Mirle,44,"8,173.1958","195,531,226",31,8,1237
9939,Hon Chuan,44,"18,734.8035","287,785,879",30,10,1236
8464,Nien Made,44,"111,933.64","293,020,200",31,8,1237
1604,SAMPO,44,"11,461.12","387,200,000",35,6,1235
3257,CHAMPION,43,"5,726.9976","79,986,590",12,30,1234
3645,TMT,43,"5,328.42925","130,759,894",30,5,1241
8933,IDEAL,43,"3,295.527213","293,278,711",21,18,1237
4735,Avita,43,"2,123.576085","36,931,758",35,4,1237
4552,Lida,43,"3,648.2","116,000,000",34,6,1164
6643,M31,43,"12,433.246","31,606,000",23,14,879
5392,ABICO AVY,43,"4,376.572743","169,963,990",35,3,1238
3527,MBI,43,"9,577.924438","44,445,125",35,6,1235
2314,MTI,43,"17,968.6064","228,028,320",24,14,1238
2362,CLEVO CO.,42,"22,384.33535","649,763,000",25,12,1239
2312,KINPO,42,"19,098.677","1,469,129,211",33,7,1236
6214,SYSTEX,42,"23,248.6159","269,393,304",34,8,1234
9925,SKS,42,"14,957.0754","387,489,605",35,4,1237
6169,InterServ,42,450.35298,"23,394,960",26,9,1241
4180,-,42,-,-,0,0,0
3540,Thermaltak,42,"2,948.235212","66,613,044",37,4,1235
3268,Higher Way,42,862.397818,"33,426,272",9,33,1234
5536,ACTER,42,"10,608.140641","57,186,742",33,6,1237
4190,JDS,42,"4,635.5554","60,914,700",34,3,1239
1472,TRI OCEAN,42,0,"24,988,082",21,19,1236
6541,Tanvex,41,"18,149.836","352,424,701",27,8,1240
1609,TA YA,41,"15,985.90125","595,068,022",30,6,1240
2340,OPTOTECH,41,"16,242.8838","438,622,846",31,10,1235
5531,Shining,41,"10,851.2379","977,589,245",32,4,1240
5904,POYA,41,"50,005.943757","100,859,462",30,4,1242
2239,Cayman Engley,41,"7,670.455","118,007,000",28,7,1241
6613,Novatech,41,"4,970.452","33,928,000",31,8,1057
3416,WinMate,41,"4,934.76","72,475,947",31,9,1236
2605,SNC,41,"16,214.2781","585,353,297",24,14,1238
4526,TONGTAI,41,"4,077.216","254,826,461",31,6,1239
2419,H.T.,41,"4,808.706","328,986,229",33,4,1239
1234,HEY-SONG,40,"14,065.485","401,871,094",34,3,1239
1457,YI JINN,40,"5,203.41075","301,647,640",27,10,1239
3437,AOT,40,"3,526.9712","144,548,000",20,14,1242
3041,ALi,40,"5,515.57305","193,869,746",13,23,1240
2939,KE,40,"1,616.954","45,548,665",21,14,912
3679,Nishoku,40,"5,292.6606","62,561,229",11,28,1237
6186,Shin Ruenn,40,"3,720.609515","130,034,408",34,4,1238
3305,SHENMAO,39,"9,050.4484","128,012,220",29,3,1244
4306,YC,39,"9,690.9424","629,947,248",32,3,1241
4906,GEMTEK,39,"9,944.0354","362,921,547",24,10,1242
1737,Taiyen,39,"6,590","200,000,000",30,4,1242
8081,GMT,39,"19,345.614","86,172,072",30,7,1239
5534,CHONG HONG,39,"21,425.985","290,325,960",25,8,1243
3004,NAFCO,39,"3,085.1142","52,647,155",27,11,1238
6015,HORIZON Sec.,39,"5,326.150078","330,816,775",25,14,1237
3703,CHC,38,"20,745.018","823,215,980",26,10,1240
3356,GeoVision,38,"2,824.99625","89,825,703",22,13,1241
3535,Favite,38,"1,312.2632","79,052,356",24,11,1241
6170,WELLDONE,38,"4,609.039953","89,670,038",31,2,1243
5475,GLOTECH,38,"3,858.304966","127,127,017",19,14,1243
5386,ALBATRON,38,"1,139.818314","24,778,659",14,22,1240
8070,CHANG WAH,38,"23,302.3622","689,419,426",31,5,1240
1313,UPC,38,"30,843.83305","1,332,347,607",22,14,1240
2640,TaiwanTaxi,37,"4,302.635806","59,264,956",31,4,1241
6277,ATEN,37,"10,083.3524","119,471,166",27,8,1241
4137,CHLITINA,37,"18,958.842","79,492,350",28,7,1241
2349,RITEK,37,"6,784.18062","693,679,663",19,16,1241
4939,AEM,37,"2,027.847924","98,200,868",21,11,1244
6464,top MSO,37,"12,978.876","130,310,037",23,11,1241
1597,cpc,37,"7,014.5568","81,187,549",28,3,1245
2405,SHUTTLE,37,"4,052.4386","343,427,303",27,7,1242
5434,TOPCO,37,"25,074.462","181,699,567",33,3,1240
5299,EMC,37,"6,794.987032","35,473,161",26,9,1241
1565,St.Shine,37,"14,847.663962","50,416,516",22,11,1243
8497,-,37,-,-,0,0,0
1736,JHT,37,"17,700.8128","303,616,617",27,6,1243
3018,TUNG KAI,37,"1,188.63875","73,147,132",25,10,1241
3131,GPTC,36,"10,605.413445","29,216,015",21,10,1245
6435,Sinopower,36,"4,597.0375","33,433,000",23,12,1241
5301,CJW,36,940.973139,"104,552,571",19,17,1240
6146,SPORTON,36,"21,877.19369","97,016,380",26,7,1243
3587,ma-tek,36,"8,910.781451","62,313,157",25,7,1244
5349,-,36,-,-,0,0,0
1213,OCEANIC,36,0,"56,622,627",7,26,1243
2360,CHROMA,36,"76,315.211","421,631,537",28,6,1242
2501,CATHAY RED,36,"22,611.4395","1,159,561,059",25,6,1245
5284,jpp,36,"1,945.2312","43,664,608",30,4,1242
3707,EPISIL,36,"49,290.478278","319,934,073",25,7,1243
1730,FARCENT,36,"4,015.2955","63,233,851",16,20,1240
4554,Orange,35,664.75939,"21,374,900",20,10,1245
4977,PCL,35,"5,790.4827","68,689,841",20,8,1248
6206,FLYTECH,35,"10,429.2198","143,062,324",28,5,1243
2373,Aurora,35,"20,974.7376","236,202,518",27,5,1244
5223,Anli,35,"2,140.616977","44,549,781",27,3,699
5305,-,35,-,-,0,0,0
6432,ARLITECH,35,"1,052.393524","30,592,835",14,20,1242
6591,SUN MAX,35,"1,593.61605","32,097,927",21,9,1082
1528,ANDERSON,35,"2,112.9086","199,331,000",29,4,1243
6235,Waffer,35,"3,285.57075","170,679,456",22,11,1243
2483,ECE,35,"2,770.9622","109,093,807",26,5,1245
6472,Bora,35,"14,913.87704","67,644,280",26,5,1244
3552,TUNG THIH,35,"17,161.386275","85,592,949",25,8,1243
1308,APC,35,"23,185.66415","593,743,919",23,11,1242
8928,DYNAMIC,34,"1,746.835415","50,854,015",22,5,1249
2441,GTK,34,"45,223.1775","568,845,921",21,10,1245
2023,YP,34,"46,886.1112","1,890,569,518",22,11,1243
1789,SPT,34,"19,610.3272","790,739,222",22,11,1243
8155,ACCL,34,"7,139.986","49,756,000",17,8,1251
3088,AXIOMTEK,34,"4,549.608778","84,413,568",31,3,1242
3624,VIKING,34,"4,857.910859","117,340,842",18,14,1244
2719,STAR TRAVE,34,432.71567,"34,072,100",14,17,1245
5213,YeaShin,34,"7,286.142948","346,959,188",21,6,1249
3548,JARLLY,33,"3,180.421954","60,121,398",26,4,1246
2103,TSRC,33,"26,463.97345","825,709,978",20,12,1244
3310,CHIALIN,33,"1,497.761917","50,260,467",27,3,1246
4119,SCI,33,"7,439.796","95,382,372",14,14,1248
4763,ACE,33,"5,851.6425","58,575,605",29,2,1245
6138,Anpec,33,"13,465.67125","73,784,500",18,11,1247
3014,ITE,33,"16,752.32","161,080,124",22,7,1247
2499,-,33,-,-,14,17,1244
5706,PHX TOUR,33,"2,869.25175","67,117,317",19,14,1243
4726,Mycenax,33,"5,335.90836","153,318,200",26,4,1246
6542,GAMESPARCS,33,"2,499.037485","42,000,630",24,8,1243
3055,Spirox,33,"2,940.0567","102,441,918",23,9,1244
5512,RICH,32,"6,814.973242","743,992,712",24,5,1247
8450,PILI,32,"1,180.128781","51,309,947",25,4,1247
6482,FUN YOURS,32,592.478602,"17,148,440",20,8,1247
1720,S.C.P.C,32,"6,888.7308","178,696,089",24,8,1244
8926,TCC,32,"22,531.086","589,048,595",16,12,1248
2816,UNION INS.,32,"4,349.1756","223,608,000",7,25,1244
2540,JSL,32,"12,546.028","146,600,000",21,9,1246
8406,GINKO,32,"19,560.208694","97,072,996",23,6,1247
6679,ZILLTEK,32,"13,401.915195","42,171,335",25,4,737
4128,MICROBIO,32,"29,518.6583","466,329,515",21,8,1247
6231,Insyde,32,"2,975.000762","38,043,488",24,7,1245
2417,AVERMEDIA,32,"4,189.59795","154,313,864",23,6,1247
1734,SINPHAR,31,"4,897.4824","167,722,022",18,10,1248
3016,EPi,31,"26,735.2714","280,538,097",16,14,1246
3311,Silitech,31,"2,064","68,000,000",19,9,1248
2530,DELPHA,31,"7,759.2048","720,752,466",26,3,1247
4175,MedFirst,31,"2,508.544317","31,612,375",27,2,1247
3479,Avalue,31,"3,476.890585","70,525,164",26,4,1246
6279,HU LANE,31,"13,353.730738","99,654,707",23,5,1248
1455,ZIG SHENG,31,"9,091.8648","531,688,380",17,12,1247
8432,tsh,31,"1,712.557044","38,398,140",18,13,1245
8472,GOMAJI,31,"1,002.0727","17,735,800",23,5,1247
8112,Supreme,31,"19,218.0456","428,496,473",25,6,1245
1582,SYNCMOLD,31,"8,734.9144","123,724,171",23,5,1248
3049,HannsTouch,31,"9,602.6812","806,948,529",20,9,1247
3031,BRIGHT,30,"4,251.1716","181,674,224",19,8,1249
4198,S&S,30,494.5156,"80,540,000",11,18,1247
6592,HOTAI FINANCE,30,"45,474.5","515,000,407",24,5,627
6497,-,30,-,-,0,0,0
1598,Dyaco,30,"8,682.0336","133,982,254",24,2,1249
3264,Ardentec,30,"29,116.102514","490,170,076",25,4,1247
5443,GPM,30,"5,366.92468","165,136,144",25,4,1247
5243,ESON,30,"11,240.8176","168,528,915",19,10,1247
3046,AOPEN,30,810.7936,"71,448,013",16,11,1249
5457,SPEED TECH,30,"14,356.2584","169,295,500",25,4,1247
1447,LP,29,"9,464.94045","914,487,242",20,5,1251
8342,I JANG,29,"1,710.371292","33,536,692",21,7,1206
2752,TOFU,29,"3,614.137488","23,019,984",21,5,669
3062,CyberTAN,29,"8,691.60225","328,605,418",16,8,1252
1808,RUN LONG,29,"23,492.5404","392,196,637",24,4,1248
5425,TSC,29,"21,524.941463","265,085,486",20,7,1249
6561,Chief,29,"20,080.994835","70,459,631",24,2,949
5009,GMTC,29,"9,682.803009","456,735,991",16,9,1251
3234,TrueLight,29,"2,072.464153","76,474,692",11,12,1253
3022,IEI,29,"7,823.2471","176,597,790",17,10,1249
4192,SynCore,29,"8,366.0979","115,077,000",23,3,1250
6465,ATrack,29,743.455407,"32,826,306",22,7,1246
6667,Trusval,29,"2,665.184826","39,778,878",19,7,847
6641,GSD-KY,29,"2,075.7","37,000,000",14,9,647
1519,FE,29,"9,580.8286","261,058,548",22,1,1253
1515,REXON,28,"12,158.691","181,473,500",22,2,1252
3178,GPI,28,"3,338.205","45,050,000",24,1,1251
4108,PhytoHealt,28,"4,429.1814","198,618,879",18,9,1249
3483,Forcecon,28,"5,551.048775","74,220,485",13,11,1252
6573,HY,28,"1,968.20055","80,499,345",14,9,889
8033,TT,28,"2,360.7962","132,629,775",27,0,1249
2496,SPC,28,940.675,"19,100,440",18,10,1248
8109,P-DUKE,28,"5,549.072386","77,609,404",17,10,1249
6581,TSU,28,"8,790.33","111,270,887",20,4,1142
8234,NEXCOM,28,"3,290.576798","141,226,472",24,2,1250
4106,APEX,28,"2,213.87175","100,911,557",19,6,1251
8050,IBASE,28,"6,906.891147","177,099,773",21,5,1250
1440,TAINANSPIN,28,"37,609.7005","1,656,815,857",18,9,1249
8104,RiTdisplay,28,"3,291.6356","68,009,012",21,5,1174
1583,GOODWAY,28,"7,010.4","110,400,372",13,8,1255
8415,Brighton-Best,28,"35,844.625","1,031,500,000",21,6,1249
4560,STRONG H,28,"2,930.966","68,162,990",24,3,1076
5291,EISO,28,"1,331.617659","39,222,906",20,2,1254
2415,CX TECH,28,"3,700","80,000,000",18,6,1252
3141,UltraChip,28,"16,081.184448","73,603,178",17,10,1249
6177,DA-LI,28,"11,831.255","387,910,616",23,2,1251
6275,Y.S.TECH,28,"2,177.35206","69,786,925",21,5,1250
5607,Farglory FTZ,28,"11,613.9395","229,979,100",6,20,1250
6023,Yuanta,27,"14,223.336926","289,976,288",19,5,1252
4903,UFOC,27,902.79327,"90,279,327",12,12,1252
1784,BIONET,27,"2,114.106962","49,626,924",22,2,1252
5340,BAOTEK,27,"8,049.120713","194,893,964",14,7,1255
2351,SDI,27,"30,235.24","182,140,249",20,7,1249
8367,CS,27,"4,470.3181","81,131,938",9,18,1014
1717,ETERNAL,27,"45,642.2672","1,240,279,455",23,1,1252
3149,G-TECH,27,"5,983.9296","206,393,604",13,11,1252
6629,TK-KY,27,"1,936.432102","35,661,733",23,1,478
1413,H.C.,27,"1,031.3312","132,112,454",18,9,1249
1103,CHC,27,"15,650.556","774,780,548",17,9,1250
6238,-,27,-,-,0,0,0
9911,TAIWAN SAKURA,27,"15,478.47","221,121,188",20,5,1251
3622,YFO,27,"4,562.50905","151,327,600",18,8,1250
6576,Foresee,27,"10,151.274672","117,302,380",23,0,1248
6290,LONGWELL,27,"8,304.460271","147,766,197",14,10,1252
6411,Amazing,27,"18,673.819524","91,520,331",18,7,1251
6288,EOI,27,"5,297.836","182,684,070",22,2,1252
4576,HMC,26,"12,519.2045","119,801,848",21,2,623
5285,Jih Lin,26,"11,478.858","94,089,259",21,4,1251
5289,InnoDisk,26,"15,821.54616","82,516,040",23,3,1250
6223,MPI,26,"12,041.246208","93,000,052",15,7,1254
5701,JFS,26,812.022262,"253,756,957",10,13,1253
8942,Xxentria,26,"11,210.789408","165,840,080",16,9,1251
3526,ALLTOP,26,"9,180.161504","56,345,807",16,6,1254
2102,FEDERAL,26,"12,732.5501","473,329,207",14,12,1250
4760,ample,26,"3,226.716","32,100,733",20,2,1253
6139,L & K,26,"6,574.491","225,540,929",15,6,1255
1336,TAIHAN,25,"1,615.211878","77,098,419",18,7,1251
1614,Taiwan San,25,"9,297.85415","269,113,406",17,5,1254
8996,KAORI,25,"4,496.0152","89,384,080",19,1,1256
6596,KHAM Inc.,25,"1,489.5","30,000,000",21,3,1125
6569,Onyx,25,"3,222.82845","30,261,300",20,4,1251
4188,Amcad,25,952.66306,"53,221,400",22,3,1251
2429,PWT,25,518.6112,"39,748,200",4,21,1251
4116,BMTC,25,"1,221.1084","44,566,000",21,3,1252
2109,HWA FONG,25,"4,483.55145","279,349,134",14,10,1252
2702,HG,25,"2,552.2035","110,485,538",13,11,1252
2745,LIFE TRAVEL,25,655.045556,"29,308,526",12,13,1250
1434,F.T.C.,25,"50,539.92","1,684,664,637",23,2,1251
8261,APEC,25,"8,500.03","81,340,493",14,11,1251
6666,LLF-KY,25,"3,179.7348","47,388,000",17,5,609
4529,EPTECH,25,867.548684,"84,593,396",21,4,1251
2712,FGH,25,"3,984.75","105,000,000",14,9,1253
2401,SUNPLUS,25,"21,903.778","591,994,919",16,5,1255
3323,Celxpert,24,"3,722.179114","80,305,914",11,12,1253
1710,OUCC,24,"21,124.01655","885,703,029",19,4,1253
2329,OSE,24,"13,808.9376","556,812,033",17,6,1253
2032,Sinkang,24,"3,080.2956","130,521,545",11,11,1254
6168,HARVATEK,24,"5,151.725","206,069,801",13,6,1257
2524,KTC,24,"13,569.2035","371,759,023",21,3,1252
9946,SanFar,24,"4,963.6208","326,554,150",8,14,1254
8066,LIFESTYLE,24,"1,061.361101","30,152,304",18,3,1255
1522,TYC,24,"6,242.29515","312,897,881",13,9,1254
1258,Kee Song,24,675.643165,"36,819,791",19,3,1254
6441,IBG,24,"2,202.348111","42,434,453",19,3,1254
2740,Mr. Onion,24,270.302422,"13,185,484",14,9,1252
2108,Nantex,24,"40,131.904","492,416,659",14,10,1252
5703,Landis Taipei,24,"1,657.654418","70,239,594",14,9,1253
8279,SYNGEN,24,"2,631.492632","27,100,851",16,7,1252
2028,WEI CHIH,24,"11,758.2754","325,714,800",14,9,1253
8403,SHAREHOPE,23,"3,103.947316","114,325,868",19,2,1255
4728,SunMax,23,"4,406.0567","54,463,000",14,6,1256
2734,Ezfly,23,791.7699,"30,259,760",11,11,1254
1802,TGI,23,"79,390.038","2,908,060,800",12,9,1255
2025,CSSSC,23,"1,490.1851","281,167,262",0,0,13
5234,DAXIN,23,"9,439.5085","102,715,911",18,5,1253
4909,NEE,23,"2,100.52944","93,356,864",7,16,1253
8478,OceanAlexander,23,"7,379.9432","90,886,276",17,4,1254
3265,WST,23,"4,128.728268","136,261,659",16,6,1254
3450,ELASER,23,"8,128.9998","145,681,382",11,9,1256
6243,ENE,23,"1,705.704","36,322,841",12,9,1255
1264,TEHMAG,23,"11,082.245733","37,064,367",22,0,1254
1441,TAH TONG,23,946.512,"100,800,000",11,10,1255
8421,XYP,23,553.653114,"54,817,140",17,1,1258
4566,GLOBALTEK,23,"3,038.1129","71,823,804",15,7,1035
8420,LAUNCH TECH,23,"1,947.818","50,990,000",18,0,1258
2515,BES,23,"13,441.29322","1,530,899,822",17,6,1253
2387,SUNREX,23,"8,519.2898","196,297,952",14,6,1256
2426,TYNTEK,23,"7,876.2964","300,622,252",17,6,1253
2545,HUANG HSIANG,23,"11,978.6777","327,734,808",19,4,1253
6155,KC,23,"2,101.5764","86,920,392",14,9,1253
3528,ANSTEK,23,"3,169.2045","65,615,966",16,7,1252
4205,CHUNG HWA,23,"11,629.135406","80,701,842",16,7,1253
3317,NIKO-SEM,23,"4,581.61594","61,251,550",10,13,1253
2601,FSC,23,"10,116.7616","834,776,067",9,13,1254
6128,GPI,23,"3,349.185","127,588,740",17,4,1255
6803,ECOVE Corp,23,"16,171.081672","69,111,683",21,1,1254
3388,TTC,23,"5,821.1946","74,061,000",17,5,1254
1460,EVEREST,23,"6,765.82282","694,643,484",17,6,1253
8182,HELE,22,"4,602.772245","107,041,215",14,5,1257
6732,sensortek,22,"28,320.405822","48,912,618",15,4,476
2528,CROWELL,22,"3,951.2445","329,997,409",21,1,1254
8110,WALTON,22,"8,921.4291","521,721,876",16,5,1255
4164,CHC,22,"5,780.51775","157,293,355",12,8,1256
6127,LEATEC,22,"2,707.397763","108,079,751",12,9,1255
2535,DA-CIN,22,"10,238.876","337,360,894",13,8,1255
3579,-,22,-,-,0,0,0
1467,TEX-RAY,22,"2,338.1051","233,624,667",17,4,1255
6120,DARWIN,22,"7,420.93825","665,555,114",13,6,1257
3583,Scientech,22,"5,590.4771","81,139,000",14,6,1256
4114,SYNMOSA,22,"7,202.086692","313,134,204",20,2,1254
6655,KD,22,"6,560.9616","73,968,500",20,1,851
3130,104,22,"5,891.225","33,190,700",13,9,1254
9943,HOLIDAY,22,"9,163.1174","147,317,600",12,7,1257
6698,FINEMAT,22,"2,536.0598","66,389,753",15,3,636
1906,P.L,22,"2,997.35","151,000,000",16,5,1255
6625,Binlive,22,"1,193.6218","44,873,444",18,2,1015
6451,ShunSin,22,"9,693.2528","107,464,800",15,6,1255
1722,TFC,22,"66,542","980,000,000",20,2,1254
3086,WAYI,21,"1,568.9214","19,369,400",10,10,1256
6776,Weblink,21,"3,153.10565","81,581,430",16,2,291
8422,Cleanaway,21,"23,302.032","108,888,000",12,5,1259
3152,ACX,21,"23,672.5566","69,016,200",15,5,1256
3591,EDISON OPTO,21,"2,560.8352","128,207,278",13,8,1255
6201,YAHORNG,21,"3,755.32","89,200,000",17,2,1257
6112,SYSAGE,21,"4,680.15525","188,357,336",15,5,1256
8072,AV TECH,21,"1,876","80,000,000",13,7,1256
3564,AEWIN,21,"1,708.65759","59,123,100",15,4,1257
1723,CSCC,20,"29,257.644","236,904,480",17,3,1256
1566,-,20,-,-,0,0,0
6751,AST,20,751.831,"13,030,000",16,1,373
2911,Les,20,"1,512.50463","184,677,775",14,4,1258
3444,NICHING,20,"1,584.140733","39,114,586",15,3,1258
3705,Y.S.H.,20,"11,589.357","266,422,983",15,4,1257
6469,Great Tree,20,"14,323.805566","70,043,059",16,0,1259
2928,-,20,-,-,13,4,1258
6245,Lanner,20,"5,815.070869","117,003,438",18,2,1256
8463,RTM,20,"4,972.5","150,000,000",7,12,1257
2497,E-LEAD,20,"4,538.0836","118,798,463",14,5,1257
3714,ENNOSTAR,20,"50,023.323","685,251,460",12,6,95
4126,PAHSCO,19,"5,052.96","72,600,000",13,3,1259
6160,Cipherlab,19,"1,236.228616","68,489,120",16,3,1257
3373,Radiant,19,"1,597.393657","43,289,801",13,3,1260
8941,GRAND HALL,19,"1,113.02419","30,410,497",13,5,1258
6123,GrandTech,19,"2,957.775243","59,037,430",14,3,1259
1219,FWUSOW,19,"6,794.4743","322,013,887",12,6,1258
6021,TA CHING,19,"6,599.932246","309,855,974",7,12,1257
3605,ACES,19,"5,807.64275","122,395,884",14,3,1259
1587,CM,19,"1,832.2608","68,624,449",15,2,1259
6568,Rafael Micro,19,"10,424.62968","30,789,120",15,4,1256
5704,Chihpen Royal,19,"1,185.280569","38,861,658",9,8,1259
3594,ARBOR,19,"1,622.394608","73,230,468",18,1,1257
1525,KSC,19,"4,587.5","73,400,135",12,4,1260
2433,HUXEN,19,"7,398.1952","144,496,011",15,4,1257
6190,WONDERFUL,19,"3,432.597924","140,368,537",14,4,1258
6224,PTTC.,19,"10,463.0435","84,721,639",12,3,1261
8091,FB,19,"3,213.119948","45,511,614",15,1,1260
3024,ACTION,19,"3,866.34015","277,157,496",13,3,1260
2012,CHUN YU,19,"8,287.8912","287,774,000",9,7,1260
8349,QST,19,"7,014.263525","118,978,778",10,6,1260
4139,KY M.K.,19,"2,038.140737","42,549,911",15,2,1259
3419,WHAYU,18,"1,933.704","120,480,417",14,2,1260
8431,SPT,18,"2,622.873438","44,455,482",10,7,1259
6582,Shin Foong,18,"19,208.444","106,174,141",11,6,1200
2442,JEAN,18,"2,783.6404","239,969,351",12,5,1259
6664,Group Up,18,"3,597","55,000,000",12,1,880
4989,LCYT,18,"6,429.57","137,776,500",14,1,1260
2505,ky,18,"9,120","380,000,000",15,3,1258
2359,SOLOMON,18,"2,975.02185","171,471,052",10,8,1258
4167,Savior,18,"6,477.825988","316,764,107",12,3,1261
6514,RTI,18,"1,536.787558","30,015,382",14,3,1258
1701,CCPC,18,"6,587.5901","298,081,080",13,5,1258
3556,EETI,18,"4,661.333134","61,252,735",7,11,1258
2428,THINKING,18,"21,779.04","128,112,726",12,3,1261
4130,GBL,18,"2,464.086262","110,003,851",12,6,1258
8080,OST,18,396.312591,"40,316,642",6,12,1258
2038,HAIKWANG,18,"5,927.3328","181,264,522",10,5,1261
2724,FX HOTELS,18,571.051368,"79,312,690",10,7,1259
3558,Senao Networks,18,"4,567.568021","49,060,881",11,5,1260
2461,K LASER,17,"3,302.9124","164,324,631",14,3,1259
9934,GUIC,17,"5,515.7102","358,163,962",11,4,1261
4528,CHF,17,"3,282.462097","76,514,268",7,8,1261
6219,FULL WAN,17,"2,818.497851","154,016,276",9,7,1260
4804,Da Lue,17,394.073425,"45,347,920",12,2,1261
6175,LITON,17,"6,299.362321","142,070,359",10,6,1260
3202,HIGH-TEK,17,"1,487.993849","117,164,870",12,5,1259
6409,VOLTRONIC,17,"142,055.875","87,419,367",12,3,1261
4439,TST Group,17,"4,362.75","31,500,000",14,3,362
9935,CF,17,"3,400.94115","169,623,342",15,2,1259
3426,TSE,17,"1,008.48","26,400,000",15,2,1258
1231,Lian Hwa Foods,17,"13,417.173","201,762,394",8,9,1259
1711,EVERLIGHT,17,"13,995.0636","547,752,226",6,8,1262
8442,WW,17,"2,249.9625","59,999,682",15,2,1110
2459,AUDIX,17,"6,018.915","105,595,615",15,2,1259
5464,LIN HORN,17,"1,698.608611","71,071,490",11,4,1261
2852,FIRST INS,17,"4,005.4679","301,163,784",7,10,1259
8409,EBM,17,510.4,"32,000,000",6,11,1258
2029,SYSCO,17,"10,695.294","321,180,000",5,12,1259
1786,SVBI,17,"3,230.072","66,190,425",12,4,1260
6442,Ezconn,17,0,"69,300,000",11,2,1263
6183,TRADE-VAN,16,"7,515","150,000,000",13,2,1261
4746,FRMSL,16,"7,119.096","120,255,963",9,7,1260
6184,Dafeng TV Ltd.,16,"6,851.359","158,230,657",10,4,1262
4433,Singtex,16,"1,511.806797","46,805,164",11,0,1265
9103,MEDTECS,16,-,"549,411,240",9,5,1262
0050,-,16,-,-,7,8,1264
2509,CHAINQUI,16,"4,131.72","224,550,530",11,4,1261
5011,OFCO,16,"2,326.267111","76,021,801",11,2,1263
2514,LONG BON,16,"7,065.6491","394,729,278",12,4,1260
2736,HOYA,16,788.777366,"48,992,383",8,6,1262
1232,TTET,16,"25,275.892","159,974,915",8,8,1260
2369,LPI,16,"9,578.5704","380,102,344",12,3,1261
2536,Hong Pu,16,"7,238.574","332,808,652",14,1,1261
2477,MEILOON,16,"5,550.048","198,216,555",7,8,1261
6624,EC,16,528.3,"18,000,000",15,0,1030
6588,EOC,16,"1,297.660095","26,700,825",8,5,1162
6417,SAG,16,"2,544.8948","42,274,000",13,0,1263
2444,AboCom,16,"1,161.127","105,557,573",10,6,1260
2236,Patec,16,"1,265.23635","45,759,703",12,2,1262
8240,WAH HONG,16,"2,810.124033","100,004,414",13,3,1260
5245,WSI,16,"2,085.2865","44,990,000",12,4,1260
2546,KEDGE,16,"4,988.94675","106,035,660",13,2,1260
1417,CARNIVAL,16,"2,564.2035","189,941,840",9,5,1262
6578,DaBomb,16,564.795777,"33,125,852",13,3,1188
8440,Eï¼†E,16,684.00405,"38,000,225",11,3,1262
4806,Shec,16,447.422432,"45,194,185",8,6,1261
3625,C-TECH,16,"2,344.041184","90,503,586",12,4,1260
5439,FHt,16,"5,931.852978","92,975,752",13,1,1262
9941,TAC,16,"64,391.601","382,146,537",14,1,1261
5278,Sunfun,16,"2,773.5162","15,239,100",12,2,1262
6706,FitTech,16,"15,157.17","72,177,935",11,3,617
1592,Enterex,15,285.21346,"110,978,250",8,6,1262
1439,CWT,15,"2,060.8","92,000,000",9,5,1262
3580,UVAT,15,"1,914.326865","39,470,657",5,10,1261
4580,Value Valves,15,"3,392.7444","39,132,000",11,3,598
2022,TYCOONS,15,"6,740.50155","479,751,976",5,9,1262
9942,MAO SHUN,15,"7,276.5875","83,161,320",12,2,1262
2233,TURVO,15,"6,239.808","60,288,089",10,3,1263
5321,U.R.,15,"4,406.62257","34,973,195",14,1,1261
4956,Epileds,15,"2,344.5268","100,408,236",10,5,1261
5227,Aleees,15,"4,231.98071","92,099,689",9,5,1262
1799,EASYWELL,15,"2,458.864154","163,379,678",10,4,1262
3577,ICP DAS,15,"2,585.058255","52,864,177",12,2,1262
2597,REC,15,"22,933.8","184,950,000",10,5,1261
2924,Tung Ling,15,603.615202,"32,805,174",12,1,1263
6516,KINGWAY,15,"4,411.036344","42,413,811",13,1,1261
1259,AN-SHIN,15,"2,267.265","32,389,500",12,3,1261
2913,TTC,15,"14,771.075","790,000,000",9,5,1262
4562,YHT,15,"1,222.5826","67,546,000",13,2,1260
1718,CMFC,15,"17,115.02135","1,621,367,217",11,4,1261
6538,Brave Screen,15,"2,854.8054","37,269,000",9,5,1261
5484,EverFocus,15,939.987,"53,401,000",7,4,1265
8476,TESC,15,"3,654.824355","60,510,337",11,3,1261
3632,PAPAGO,15,327.117904,"40,889,738",11,4,1261
1626,AIRMATE,15,"2,874.494","145,544,496",11,2,1263
2030,FROCH,15,"8,009.0173","280,526,027",5,10,1261
8131,FATC,15,"16,738.1027","442,222,223",9,5,1262
1732,Mao Bao,15,"1,067.44145","42,443,957",8,5,1263
6612,ICARES,15,"2,051.78196","33,969,900",9,5,1079
1903,Shihlin,15,"17,812.6715","260,039,121",8,6,1262
3499,GLOBALSAT,15,728.360397,"54,970,596",10,5,1261
2241,Amulaire,15,"5,008.7518","89,602,306",11,3,1261
5533,FOUNDING,15,"5,391.1116","285,244,944",11,0,1265
2851,Central Re,15,"16,560.3834","590,388,750",8,7,1261
3211,Dynapack,15,"14,158.130016","147,480,521",9,4,1263
8085,FD,15,"2,830.630356","157,257,242",7,6,1263
0056,-,14,-,-,11,2,1266
3312,G.M.I,14,"2,965.81875","137,625,455",11,0,1265
3051,Optimax,14,"2,565.3504","325,332,396",7,6,1263
6615,SOFIVA,14,962.0874,"21,261,600",11,2,1073
4420,Kwang Ming,14,"1,209.6045","40,455,000",10,3,1263
5480,-,14,-,-,0,0,0
4944,CRYSTALWISE,14,"1,779.403779","88,089,296",10,4,1262
3383,GPI,14,291.2,"70,000,000",5,9,1262
5907,GORG,14,"3,763.97175","195,531,000",10,4,1262
6532,CT,14,"1,407.933813","36,100,867",12,1,1262
4426,LI CHENG,14,"3,358.56765","172,677,198",12,2,1262
2034,YC,14,"14,019.58955","444,361,453",9,5,1262
6104,GLI,14,"13,000.202496","90,279,184",9,3,1264
2534,HSC,14,"11,452.58205","474,227,970",9,3,1264
6197,JPC,14,"4,303.49625","122,085,882",9,4,1263
6486,IDT,14,"2,848.188357","38,750,862",11,2,1262
1708,SESODA,14,"7,644.3307","249,001,651",5,8,1263
6143,NETRONIX,14,"4,731.393129","83,006,897",14,0,1262
6024,CFC,14,"8,143.9119","210,437,584",10,3,1263
2450,SENAO,14,"8,225.3262","258,252,657",14,0,1262
3557,JiaWei,14,"6,552.48","80,300,415",7,5,1264
1229,LHIC,14,"78,658.3584","1,409,648,036",9,4,1263
6220,YFC-BonEagle,14,"3,154.140073","131,972,388",7,5,1264
4532,RECHI,14,"9,416.66475","504,915,105",12,2,1262
3511,SIMULA TEC,14,"3,626.773056","79,972,945",11,3,1262
2506,PCC,13,"3,804.21","387,000,000",6,6,1264
1530,AWEA,13,0,"96,594,171",9,4,1263
1217,AGV,13,"5,019.30695","494,513,336",6,7,1263
3021,WELLTEND,13,"2,011.6","94,000,000",10,2,1264
6671,San Neng-K,13,"2,855.25","60,750,000",13,0,602
6499,Medeon,13,"4,829.158884","73,169,074",12,0,1263
3015,FSP,13,"7,584.0705","187,261,950",9,2,1265
3224,MetaTech,13,"3,108.333257","68,016,045",12,0,1264
4401,TLOONG,13,"4,258.134524","120,286,286",7,6,1263
4153,DIVA Labs.,13,"1,593.384496","61,759,089",8,3,1265
6131,-,13,-,-,0,0,0
2421,SUNON,13,"9,660.7665","250,929,732",7,5,1264
1569,Bin Chuan,13,"2,974.936547","120,678,387",7,6,1263
2820,CBF,13,"22,360.284","1,342,960,000",7,6,1263
6020,TACHAN,13,"5,324.651549","252,353,154",3,10,1263
6609,TTT,13,"2,133.836445","72,456,246",11,2,1263
1527,BASSO,13,"5,958.51","138,570,640",9,4,1263
2937,Gseven,13,"1,414.26154","36,638,900",9,4,1262
6163,HWACOM,13,"2,592.803701","122,881,692",11,2,1263
2358,TS,13,"2,853.7064","124,616,172",13,0,1263
8099,TSTI,13,"3,644.244","88,560,000",6,7,1263
4972,TONS,13,"1,248.211646","40,161,553",11,2,1263
6683,KSMT,13,"9,002.657283","27,075,661",7,3,743
4120,OEP,13,"3,539.282455","86,747,119",12,1,1263
2722,Chateau,13,"3,646.7694","111,522,961",6,7,1263
6740,-,13,-,-,0,0,0
3520,JVE,13,652.104486,"48,846,778",4,8,1264
4160,GGA Corp.,13,589.202489,"24,247,016",13,0,1263
6605,DEPO,12,"9,335.4408","165,816,397",8,2,1266
6461,Intech,12,"2,124.67716","100,686,000",10,2,1263
2363,SiS,12,"16,286.5116","681,444,870",7,5,1264
6237,CMEI,12,"8,148.231342","79,884,621",8,2,1266
4148,ACBT,12,"2,410.8801","64,034,001",7,4,978
4183,EPS Bio,12,443.87,"23,800,000",3,9,1264
1611,CE,12,"3,727.58925","322,735,742",9,2,1265
8040,IC+,12,"4,732.581876","68,988,074",4,7,1265
2035,TE,12,"13,037.5","350,000,000",6,5,1265
1752,NANG KUANG,12,"3,494.201131","100,988,472",10,2,1264
2374,ABILITY,12,"5,624.94555","287,721,312",5,6,1265
3169,ASIX,12,"11,164.35809","62,196,981",4,4,1268
2010,CHUN YUAN STEEL,12,"14,701.7685","647,655,390",5,6,1265
1560,KINIK,12,"10,700.6508","141,543,000",9,1,1266
5481,Sinotact,12,961.577872,"73,402,891",7,5,1264
1503,SEEC,12,"27,194.7384","520,972,223",10,0,1266
1796,GeneFerm,12,"1,474.536485","40,789,391",9,3,1188
4432,Haksport,12,822.07125,"50,589,000",6,6,1264
4714,UB,12,"1,860.35189","134,808,108",10,1,1265
00878,-,12,-,-,11,1,225
1315,TAHHSIN,12,"8,676.36","99,099,000",5,5,1266
4168,GlycoNex,12,"2,773.357495","97,481,810",8,3,1265
9907,TON YI,12,"20,528.885","1,579,145,342",10,2,1264
3013,UNEEC,12,"2,105.1225","155,935,018",4,8,1264
5906,TAINAN CAYMAN,12,"1,143.72","32,400,000",5,5,1266
5345,Team Young,12,277.875,"47,500,000",2,8,1266
5508,YCDC,12,"13,023.945167","217,428,133",10,2,1264
1416,KFIC,12,"2,075.8304","185,342,168",8,4,1264
1452,HONG YI,12,"3,143.5917","132,641,400",5,7,1264
2434,MOSPEC,12,630.7,"37,000,000",3,8,1265
2537,WE & WIN,11,"2,930.43075","300,557,795",6,4,1266
6283,SOE,11,"6,583.78995","147,906,343",8,2,1266
6574,MIKOBEAUTE,11,"1,074.2115","21,990,000",10,1,1197
3551,SHT,11,"4,087.79208","56,774,890",5,3,1268
5905,NRL,11,"2,904.199442","189,816,957",7,4,1265
8940,New Palace,11,917.8776,"67,491,032",4,7,1265
1333,-,11,-,-,0,0,0
6261,YTEC,11,"10,845.230272","128,497,989",9,1,1266
1539,GT,11,"1,140.7065","65,370,000",10,1,1265
6449,APAQ,11,"4,518.8124","88,953,514",6,5,1265
4973,Silicon Power,11,"1,495.562367","63,505,833",8,3,1265
1773,SHINY,11,"26,600","200,000,000",9,2,1265
8011,TTCC,11,"2,591.1171","147,642,417",5,3,1268
6248,TMP,11,939.372291,"30,675,184",8,1,1267
1339,Y.C.C.,11,"2,528.1058","74,138,875",9,2,1265
2069,YC,11,"5,174.6046","156,386,836",5,6,1265
2511,PHD,11,"21,509.0695","1,623,326,147",6,4,1266
6649,TWBM,11,826.65,"33,000,000",6,5,921
1603,CWCO,11,"5,185.1604","191,688,000",2,8,1266
3512,Huang Long,11,"2,494.8","84,000,000",9,0,1267
1240,MORNSUN,11,"1,885.797491","36,760,185",9,2,947
1451,NIEN HSING,11,"4,128.3","198,000,000",5,6,1265
3306,RoyalTek,11,"1,343.634488","50,607,702",8,3,1265
3217,ARGOSY,11,"8,244.534575","90,104,203",10,0,1266
2453,SYSCOM,11,"2,350","100,000,000",9,2,1265
6716,PDK,11,"3,776.6036","24,523,400",10,0,606
3611,TSC AUTO ID,11,"8,792.72658","42,476,940",10,1,1265
4720,TEX YEAR,11,"1,468.755","97,917,862",8,1,1267
6577,PSC,11,"2,371.80194","38,254,870",9,2,1264
8905,ECS,11,"2,352.968","119,440,000",7,3,1266
6654,TZI,11,"2,933.771904","33,262,720",10,0,880
8383,CF,11,"4,863.620634","118,192,482",5,5,1266
1419,SHINKO.TEX,11,"12,391.6933","300,041,280",7,4,1265
4563,QUASER,11,"1,780.38","54,950,000",10,1,1227
4107,BIOTEQUE,11,"7,588.167792","69,298,336",9,1,1266
8076,FIRICH,11,"8,908.76237","277,531,538",8,2,1266
1423,REWARD WOO,11,"2,477.36","138,400,000",5,5,1266
2243,HS,11,851.7082,"45,668,529",3,5,902
3138,Auden,11,"9,974.9335","46,721,663",10,0,1266
1109,HsingTa,11,"7,198.19485","341,957,868",5,5,1266
1464,De Licacy,11,"5,903.07275","384,565,652",8,3,1265
3465,NAE,10,"5,740.619798","32,160,335",6,4,1266
3693,AIC,10,"2,444.159069","38,490,694",8,1,1267
6756,VLI,10,"31,657.5","67,500,000",7,0,361
6425,EFC,10,"1,203.4152","43,602,000",9,0,1266
9105,CCET,10,-,"4,956,632,333",4,5,1267
9906,HSIN BA BA,10,"4,192.1529","83,343,981",5,5,1266
8068,Chander,10,"1,929.345775","68,659,992",9,1,1266
8107,KENMOS,10,"1,312.5","75,000,000",6,4,1266
1418,TONG-HWA,10,505.8072,"56,834,309",2,8,1266
2905,MERCURIES,10,"21,051.4525","909,350,956",4,5,1267
5283,Heran,10,"8,541","73,000,425",7,0,1269
3623,TTI,10,469.893731,"29,185,946",4,6,1266
3128,HI SHARP,10,913.5,"42,000,000",5,4,1267
8222,Aero Win,10,973.7366,"68,573,500",9,1,1266
1459,LAN FA,10,"4,393.193","358,628,907",5,4,1267
1514,AEC,10,"5,411.3262","228,326,672",7,1,1268
3056,ZongTai,10,"8,178.652","210,790,708",6,2,1268
2923,Sino Horizon,10,"49,511.4212","1,740,296,982",9,1,1266
2538,KeeTai,10,"5,743.6688","438,448,764",10,0,1266
2024,CHIH LIEN,10,"1,759.875","97,500,000",2,8,1266
1805,BLG,10,"1,099.6305","100,265,400",9,1,1266
6294,Tekom,10,"3,145.310848","24,572,741",9,0,1267
2743,Richmond,10,751.143365,"32,031,700",5,5,1265
3205,SLS,10,888.1383,"32,772,631",7,0,1269
5328,HJC,10,"2,659.74515","172,710,724",3,7,1266
6217,C.C.P.,10,"4,023.235785","65,879,935",5,3,1268
5364,LEALEA HOT,10,555.361345,"28,849,940",4,6,1266
6179,ATE ENERGY,10,"2,639.994593","88,146,731",9,0,1267
1227,S.F.C,10,"47,401.6102","915,089,591",4,5,1267
2020,MAYER PIPE,10,"6,753.6641","222,526,100",3,7,1266
1225,FOPCO,10,"11,328.8154","218,703,051",3,7,1266
4121,ROSSMAX,10,"1,622.80376","84,139,061",2,6,1268
5258,Castles,10,"3,133.97","89,542,579",4,4,1268
8374,ACE PILLAR,10,"2,699.8125","112,250,487",6,3,1267
6144,DMT,9,551.141294,"38,273,701",6,3,1267
8404,PAIHO SHIH,9,"11,803.4161","315,178,126",7,2,1267
1307,SAN FANG,9,"8,592.8688","397,818,126",3,5,1268
1442,ADVANCETEK,9,"9,191.8961","366,211,358",6,3,1267
1735,EMC,9,"1,779.0452","99,388,000",5,4,1267
6515,WinWay,9,"11,231.883","33,882,000",6,3,382
2607,EITC,9,"28,866.16405","1,067,141,094",8,1,1267
8481,Transart,9,"4,662.07","66,601,866",6,2,1267
9924,FUHSING,9,"7,622.8834","188,452,170",6,2,1268
3501,Well Shin,9,"5,694.07455","118,257,927",9,0,1267
5498,KEY WARE,9,"2,810.717521","189,913,346",6,1,1269
2107,FRG,9,"7,719.4513","342,326,000",5,4,1267
8429,Jinli,9,"2,684.04415","185,747,151",5,3,1268
1817,SANITA,9,"2,533.74","72,600,000",5,4,1267
4111,CHI SHENG,9,"1,267.871416","56,982,985",7,2,1267
1813,Polylite,9,830.112078,"46,635,510",7,2,1267
2608,Kerry TJ,9,"20,244.45","467,000,498",6,3,1267
5519,LD,9,"4,438.73925","219,197,180",9,0,1267
4536,TOPKEY,9,"11,761.19","90,820,000",8,1,1267
6703,SHINY,9,"1,807.52","20,800,000",7,0,647
3363,FOCI,9,"2,944.922107","87,127,873",5,4,1267
1538,JF,9,246.215,"26,410,551",2,7,1267
3390,SUNFLEX,9,"1,194.839544","67,505,059",6,3,1267
3010,WAH LEE,9,"20,061.445","236,017,941",8,1,1267
6560,APPROPHO,9,"1,805.020118","20,699,772",6,3,1266
6158,P-TWO,9,"1,732.830012","53,647,988",4,2,1270
2539,SAKURAD,9,"20,065.385","638,519,723",8,1,1267
5209,ACS,9,"1,781.916","27,299,000",8,1,1267
6210,KINTECH,9,"1,421.1964","35,048,000",6,2,1268
1323,YONYU,9,"3,221.9722","91,274,554",8,1,1267
4155,OK BIOTECH,9,"2,197.69895","94,933,651",7,0,1269
1414,TUNG HO,9,"3,861","220,000,000",3,4,1269
1236,Hunya,9,"1,527.6222","108,342,510",5,2,1269
3354,MICROCOSM,9,"1,177.888757","70,112,426",3,4,1269
6715,Lintes,9,"6,840","57,000,000",7,1,625
1521,DAIOKU,9,"3,285.513","76,230,000",6,3,1267
3272,GW,9,"2,132.688493","54,614,302",7,2,1267
2754,KURA SUSHI TW,9,"3,520.8192","45,840,000",7,1,479
4429,G-FUN,9,"1,415.22","34,350,000",6,1,1269
3284,TOP,9,889.607091,"68,961,790",8,1,1267
8101,Arima Comm.,9,509.8156,"208,088,795",3,5,1268
1104,UCC,8,"13,464.3454","653,609,192",5,3,1268
8467,BONNY,8,"1,971.4532","49,534,000",5,2,1269
4161,BIOPTIK,8,"1,392.850017","52,659,736",2,6,1268
4129,UOC,8,"2,296.48104","78,111,600",8,0,1268
2065,SF,8,"2,372.298739","50,337,485",7,1,1268
8077,GWH,8,"1,234.443859","109,728,343",7,0,1269
3029,ZERO ONE,8,"5,827.8698","126,418,212",6,2,1268
5604,CLTC,8,"8,354.531942","108,782,968",3,5,1268
6494,Nyquest,8,"4,560.375205","31,559,690",3,4,1268
3027,BILLION,8,"2,421.972","98,856,311",4,3,1269
3607,Coxon,8,"1,624.1877","121,662,239",8,0,1268
4933,UBRIGHT,8,"2,617.926106","79,801,675",7,1,1268
2485,ZINWELL,8,"6,258.4733","317,689,037",3,4,1269
4430,YAO I,8,"1,322.429812","56,273,609",6,2,1268
6187,ALL RING,8,"9,082.305318","83,323,902",7,0,1269
2007,YH,8,"11,860.04985","530,651,613",6,2,1268
4541,Magnate,8,"1,576.176684","67,647,068",6,2,1268
3666,OTI,8,"1,627.623525","58,613,600",7,1,1268
5864,CIS,8,"3,738.336743","251,739,848",5,3,1268
2462,LINETEK,8,"3,526.2573","141,934,596",7,1,1268
4931,STL,8,"1,244.264853","62,954,261",5,2,1269
6457,HYCON,8,"5,542.733808","29,854,792",8,0,1268
5312,FORMOSA,8,"3,477.468094","60,059,898",5,2,1269
8291,SMT,8,328.34528,"47,312,000",6,2,1268
8289,Taitien,8,"2,159.346974","68,333,765",5,1,1270
4144,-,8,-,-,6,2,1108
3040,G.V.,8,"2,438.1","63,000,000",6,2,1268
8482,SGH-KY,8,"7,874.6572","110,444,000",4,3,690
8147,NEXTRON,8,"1,456.345043","30,627,656",7,1,1268
4741,Jetbest,8,855.523263,"32,841,584",5,3,1268
2115,LU HAI,8,"3,976.12","99,403,013",7,1,1268
9929,CHOICE,8,969.2496,"101,280,000",4,4,1268
4764,DBC,8,"4,801.65","80,700,058",8,0,1137
6642,FUZETEC,8,"2,569.356779","37,399,662",5,2,890
1449,Chia Her,8,"1,234.1","88,082,500",5,2,1269
1781,H&L,8,677.928752,"47,407,605",5,3,1268
8488,JYPKG,8,"1,073.25","67,500,000",3,3,1096
2832,TFMI,8,"7,225.89","362,200,400",5,3,1267
2527,Hung Ching,8,"8,082.1494","270,306,000",6,2,1268
8433,BON FAME,8,"2,104.09664","52,081,600",5,2,1269
4510,KAFO,7,"1,204.319182","108,010,689",4,2,1270
8444,Green Rive,7,"9,649.935838","89,766,845",5,1,1270
4557,Yusin,7,"2,539.7504","41,971,840",5,2,1269
1568,T.Y.,7,"2,278.2006","103,086,559",3,1,1272
2390,EVERSPRING,7,"4,687.0599","214,021,602",2,5,1269
6129,PTC,7,"5,564.018006","180,943,675",4,2,1270
1233,Ten Ren,7,"3,043.8576","90,591,948",7,0,1269
5601,TACT,7,"2,005.56","64,800,000",1,6,1269
8103,CviLux,7,"3,781.8487","78,953,413",6,1,1269
2486,I-CHIUN,7,"13,028.9346","221,958,579",5,2,1269
9951,MACAUTO,7,"6,089.37","74,900,000",4,1,1271
1437,GTM,7,"5,084.275","203,371,284",0,6,1270
8411,KINGCAN,7,"2,666.0496","175,398,185",5,1,1270
1473,TAINAN,7,"2,678.1846","147,153,534",6,1,1269
6174,AKER,7,"1,425","50,000,000",5,1,1270
6134,WSC,7,"1,110.472439","72,579,898",4,3,1269
2302,RECTRON,7,"2,777.2434","166,302,881",6,1,1269
6142,CAMEO,7,"3,077.6986","330,779,215",3,3,1270
2457,PHIHONG,7,"12,426.9184","337,688,416",2,3,1271
4141,Rotam,7,"3,483.0687","176,708,230",3,3,1270
6164,LEDTECH,7,"1,415","100,000,239",3,4,1269
00677U,-,7,-,-,2,5,1088
5225,EASTECH,7,"1,200.7219","61,418,000",4,2,1270
2493,AMPOC,7,"4,382.9371","114,437,390",7,0,1269
6276,Antec,7,755.76,"31,490,000",5,2,1269
6697,ITTS,7,"1,069.709701","27,323,364",6,0,662
1612,HONG TAI,7,"8,360.316","316,080,063",5,1,1270
8054,Alcor Micro,7,"3,982.396059","70,484,886",4,3,1269
8443,ASO,7,784.9,"66,800,000",3,4,1269
8390,JYD,7,"4,053.385908","119,922,660",3,2,1271
8059,CTI,7,"2,140.8143","188,618,000",3,4,1269
1203,VE WONG,7,"7,824","240,000,000",6,1,1269
4502,RT,7,"2,179.741964","50,750,686",4,3,1269
4568,KOGE,7,"2,073.94025","30,276,500",6,1,886
4533,SEYI,7,"1,790.305443","158,434,110",3,3,1270
2066,SUMEEKO,7,"1,872.597231","36,502,870",5,1,1270
3537,PODAK,7,"1,839.948888","53,564,742",5,2,1269
6594,Alcorlink Corp.,7,"1,018.351567","29,179,128",3,4,1009
3588,LD,7,"7,057.344","52,864,620",5,2,1269
1321,opc,7,"7,509.8854","227,228,268",5,1,1270
6263,Planet,7,"4,193.814684","62,500,964",6,1,1269
3357,TAI-TECH,7,"13,149.585","103,134,000",4,3,1268
9902,TIDEHOLD,7,"1,299.14925","98,049,600",6,1,1269
3287,Kworld,7,762.88788,"43,970,483",2,5,1269
3518,PT TECH.,7,"1,925.9352","80,752,230",7,0,1269
1714,HO TUNG,7,"10,574.9696","1,016,824,808",3,4,1269
4545,MAP,7,"2,067.45","77,000,000",5,2,1269
3025,LOOP,7,"1,659.528","70,920,550",5,1,1270
6674,CBN,7,"1,965.5695","66,970,391",5,2,840
3672,CTS,7,769.600744,"32,268,375",3,3,1270
1721,SUNKO,7,"3,231.8145","188,995,242",6,1,1269
3313,FCE,7,"1,116.109769","98,770,776",6,1,1269
5381,UNIPLUS,7,"1,145.797483","180,156,837",3,4,1269
2070,Ching Chan,7,"1,161.15186","35,782,800",4,2,1269
1524,GORDON,7,"1,653.1","165,310,397",5,2,1269
8071,ABICO,7,676.698393,"51,854,283",3,2,1271
2033,CHIA TA,7,"1,315.3122","80,694,536",3,4,1269
1532,CMP,7,"12,035.904","376,122,112",6,0,1270
6527,Crystalvue,6,"1,156.7514","24,276,000",2,3,1270
6207,LASERTEK,6,"2,507.820311","83,873,589",4,2,1270
2755,YoungQin,6,"1,116","20,000,000",6,0,461
8906,Forward,6,493.541865,"34,037,370",3,3,1270
3071,ADDA,6,"2,497","110,000,000",4,2,1270
8936,KTI,6,"5,321.276468","248,078,157",5,0,1271
3229,CHEER TIME,6,414.00045,"93,515,881",3,3,1270
3339,TEKCORE,6,907.880435,"43,281,649",3,3,1270
3064,Astro,6,395.72869,"26,738,425",2,4,1270
8064,CONTREL,6,"3,255.152261","164,817,836",4,1,1271
6289,AOC,6,214.86948,"104,778,136",2,4,1270
8495,-,6,-,-,0,0,0
4564,MOSA,6,"8,042.672","182,788,303",5,0,1071
4402,FU TA,6,299.866732,"45,991,830",3,2,1271
5468,TMTECH,6,506.376944,"27,822,909",2,4,1270
1584,STC,6,"2,400.422447","122,470,533",2,4,1270
5310,CGS,6,917.337565,"64,601,237",4,2,1270
6590,Provision,6,"1,018.822625","18,291,250",6,0,1158
2443,LEAD DATA,6,437.061,"145,687,000",3,2,1271
3372,TICP,6,"3,872.25","172,100,000",3,3,1270
1512,JL,6,672.6674,"236,702,494",3,2,1271
6556,Topview,6,"1,299.5","28,750,000",3,2,1270
8249,CSI,6,"3,443.1905","127,055,000",4,2,1270
2516,New Asia,6,"1,280.73348","226,278,457",5,1,1270
1474,HONMYUE,6,"1,980.914","129,896,969",2,2,1272
1617,JSW,6,"2,401.47945","144,233,235",3,2,1271
3171,XIN CHIO,6,"1,394.103464","66,703,515",3,2,1270
6470,U-MEDIA,6,"1,446.713925","32,694,100",6,0,1269
3219,SQ,6,"6,958.112832","70,283,968",3,3,1270
1471,SL,6,"1,025.1687","150,414,536",5,1,1270
3030,TRI,6,"13,204.4744","236,216,000",4,1,1271
3092,HOTRON,6,"5,436.2844","92,318,112",6,0,1270
1466,Acelon,6,"1,695.14425","111,157,320",3,0,1273
1531,KAULIN,6,"2,689.8572","183,608,080",5,1,1270
5215,KO JA,6,"4,722.3358","64,337,500",3,3,1270
4722,QPC,6,"4,110.3699","100,009,159",3,3,1270
5220,HIGGSTEC,6,"1,461.72895","39,667,000",6,0,1269
3712,FIT,6,"8,199.8586","246,242,146",5,0,660
4416,SHANYUAN,6,"6,797.972384","60,393,061",4,2,1270
5521,KSECO,6,"4,223.7624","492,280,155",4,2,1270
8427,KEYSHEEN,6,"5,515.4069","104,261,000",2,3,1271
3325,Casing,6,"1,345.689806","84,634,579",3,2,1271
2611,TSI,6,"3,728.494","171,820,247",5,1,1270
1777,SYN-TECH,6,"2,062.08513","30,059,550",3,3,1270
8201,BESTA,6,"1,082.0501","62,366,275",3,3,1270
1776,Headway,6,"1,624.7385","70,335,299",5,1,1270
2305,MII,6,"1,692.5818","205,660,827",5,0,1271
9955,SDTI,6,"1,837.1024","103,208,229",3,2,1271
1436,HUA YU LIE,6,"4,819.9536","95,634,000",6,0,1270
2936,COASTER,6,"1,977.43","76,055,696",6,0,1152
4729,MILDEX,6,"1,200.9205","102,206,000",6,0,1270
6205,COXOC,5,"2,870.35565","72,029,022",2,1,1273
3597,AVI,5,"1,084.348355","39,146,150",5,0,1270
5474,YUAN,5,"4,741.82342","40,355,944",4,1,1271
1342,CCI Yilan,5,"3,527.94","67,845,363",5,0,415
8284,MITAKE,5,"2,094.6584","46,342,000",4,1,1270
6733,BioGend,5,"2,422.286611","101,630,000",4,1,490
2211,EGST,5,"20,537.0709","419,981,963",5,0,348
6525,GEM,5,"12,853.0812","129,047,384",4,1,1267
8416,SWTC,5,"3,300.65307","28,210,710",5,0,1271
00861,-,5,-,-,5,0,392
1810,HCG,5,"5,270.40525","369,853,610",3,2,1271
6198,AVERLOGIC,5,834.112648,"22,635,350",2,3,1271
6247,JAZZ SPEAKERS,5,603.21,"60,321,000",3,2,1271
6115,I-SHENG,5,"7,975.635","187,662,154",2,2,1272
4905,TAINET,5,"1,658.125462","30,029,044",3,2,1271
6570,APLEX,5,"1,016.912783","30,086,177",4,1,1270
6680,SINTRONES,5,951.615,"18,550,000",4,0,762
6126,SINGATRON,5,"3,247.093427","126,839,587",3,2,1271
3508,Ways,5,"3,176.981221","102,141,737",4,1,1271
6712,Ever Supreme,5,"14,111.81725","61,608,500",4,1,642
6194,YUFO,5,"1,524","60,000,000",2,0,1274
4745,CMH,5,"1,909.131334","77,449,547",3,2,1271
3541,CYP,5,"3,350.441378","56,787,142",5,0,1271
4755,SAN FU,5,"6,999.067","100,706,000",4,1,1271
5383,KENLY,5,"2,183.510973","79,400,399",2,3,1271
3498,USUN,5,"2,205.687028","63,473,008",2,3,1271
3259,3S,5,"2,367.598251","64,687,642",2,3,1271
8929,FBIC,5,"1,095.075662","50,580,862",4,1,1271
6651,CYSTEK,5,"3,675.399253","32,963,222",4,1,904
5315,U.R.T.,5,"1,669.723762","106,351,832",5,0,1271
4767,CHETAY,5,859.20025,"31,415,000",5,0,903
4163,INTAI,5,"4,109.491169","48,290,143",4,1,1271
2850,SK Insuran,5,"14,565.8943","315,963,300",4,1,1271
4930,Star  Comgistic,5,"3,062.04","134,300,000",2,2,1272
8455,Daito ME,5,451.421102,"25,219,056",5,0,1270
6291,AIC,5,"2,305.5","53,000,000",0,5,1271
5455,SY,5,"1,922.478212","65,501,813",3,2,1271
3213,Mildef,5,"3,456.578718","58,685,547",4,1,1271
3073,Teamphon,5,434.328722,"27,099,556",1,4,1271
3047,EDIMAX,5,"2,045.196","189,370,233",5,0,1271
3523,EFUN,5,690.433526,"61,829,868",5,0,1271
3360,SUNNIC,5,975.640167,"68,707,054",5,0,1271
6762,Delta Asia,5,"5,749.569072","21,574,368",3,2,365
7556,YEEDEX,5,"2,599.25444","22,027,580",5,0,388
9905,GCM,5,"7,869","305,000,000",2,3,1271
6496,Excelsior,5,"1,372.0098","46,667,000",3,2,1270
2059,king slide,5,"40,691.819","95,297,072",4,0,1272
1537,KUNG LONG,5,"11,571.306","82,066,394",4,1,1271
3276,tht,5,"1,219.971655","69,712,666",2,2,1272
6640,GMM,5,"2,499.6426","28,276,500",5,0,938
4109,Murad,5,"1,187.304691","88,936,681",2,3,1271
1709,FUCC,5,"9,731.1264","477,016,272",3,2,1271
6124,YCTC,5,"4,999.950493","182,479,945",2,1,1272
5878,TABC,5,"1,176.142241","25,024,303",5,0,1271
3266,SUNTY,5,"4,544.8506","352,314,309",3,2,1271
6172,Billionton,5,694.5,"30,000,000",4,1,1271
2543,HWANG CHAN,5,"1,823.86944","237,483,788",3,2,1271
3057,Promise,5,"1,170.9082","89,328,808",4,1,1271
6781,AES-KY,5,"104,637.05","85,418,780",3,2,63
6192,LUMAX,5,"7,596.2529","106,839,745",1,4,1271
1713,CCW,5,"3,577.5387","150,951,700",3,2,1271
2706,FIRST HOTE,5,"7,224.9711","499,998,346",2,3,1271
4572,DPI,5,"3,508.4","35,800,000",4,1,727
2480,STARK,5,"7,519.652","106,360,291",4,1,1271
2380,AVISION,5,"1,665.051","189,444,084",1,4,1271
1445,UNIVERSAL,5,"1,881.5904","130,666,034",2,3,1271
6593,TNP,5,566.802318,"20,170,901",3,2,1150
3689,UDE,5,"3,400.179382","69,675,807",3,2,1271
00876,-,5,-,-,5,0,243
2427,MDS,5,"1,916.8656","184,314,463",4,1,1271
4908,APAC,4,"2,401.259045","78,216,907",1,3,1272
1340,VICTORY,4,"1,598.0349","152,922,855",2,2,1272
9930,CHC,4,"11,196.727","248,540,368",3,0,1273
3094,DAVICOM,4,"2,733.6136","84,632,089",3,1,1272
3629,Gravity,4,"1,745.373061","32,202,455",3,1,1272
2491,FOCL,4,"1,732.68","82,008,000",1,3,1272
6246,TTFIC,4,619.724058,"37,109,225",1,3,1272
5014,Chain Chon,4,"3,496.794092","165,333,054",2,2,1272
6152,PRIME,4,"1,501.2551","167,738,463",3,1,1272
6103,AVID,4,634.967832,"89,432,089",1,3,1272
2630,AACL,4,"2,549.80725","144,465,701",3,1,1053
6743,AMPACS,4,"11,175","150,000,000",3,0,376
1712,SINON,4,"10,238.9802","420,492,585",4,0,1272
3093,TKK,4,"2,823.275953","36,288,894",3,1,1272
3685,TAC,4,"2,539.6825","79,990,000",3,0,1273
6101,KIC,4,"2,287.69959","116,422,371",4,0,1272
1593,CHI HUA,4,"3,310.628864","35,219,456",3,1,1272
3188,GLTD,4,"1,924.72192","120,295,120",1,3,1272
3701,FICG,4,"8,841.4788","190,344,554",0,3,1273
6236,CTB,4,680.561839,"31,654,039",3,1,1272
1337,Asia Plastic,4,"1,966.05374","268,954,729",1,2,1273
3294,Megaforce,4,"2,712.927135","132,015,919",3,1,1272
1516,FALCON,4,747.5798,"35,684,174",1,3,1272
3164,GenMont,4,"2,068.58545","86,371,364",1,2,1273
5251,JSW,4,498.16734,"35,839,377",3,0,1273
5902,Tait,4,"2,428.65","94,500,000",4,0,1272
5288,Eurocharm,4,"10,235.943","65,826,153",3,0,1273
4807,RGH,4,"1,028.7448","38,386,000",3,0,1110
6233,PROLIFIC,4,"3,041.098027","79,609,896",1,2,1273
3617,CyberPower,4,"6,111.8005","80,951,000",3,0,1273
8401,BAI SHA,4,831.577268,"60,041,680",2,2,1272
9944,Shinih,4,"2,422.1754","109,107,100",2,1,1273
5489,DYNACOLOR,4,"3,748.785097","102,706,441",1,3,1272
5465,LFE,4,"2,403.945031","164,091,811",2,2,1272
6242,LI KANG,4,882.45,"22,200,000",3,1,1272
8921,SHEN,4,719.848857,"46,592,159",3,1,1272
4113,WE&WIN,4,"2,955.933918","211,138,137",4,0,1272
6222,Slim AGE,4,598.685951,"40,588,878",2,2,1272
1529,Klingon Ae,4,"2,155.07695","135,967,982",2,2,1272
6266,TOP UNION,4,"1,980.663039","102,359,847",4,0,1272
6259,BULLWILL,4,421.796003,"15,507,206",2,2,1272
2221,YHMCO,4,"1,432.70125","42,325,000",3,1,1272
3078,CWT,4,"9,220.707645","227,391,064",3,1,1272
9928,CTV,4,922.43088,"150,724,583",0,4,1272
3232,SIC,4,"1,071.438445","36,567,865",4,0,1272
6404,CCMG,4,276.5232,"14,368,000",1,3,1272
6529,-,4,-,-,0,0,0
4716,DAILY,4,"1,089.987635","75,171,561",3,0,1273
2910,TONLIN,4,"7,180.14","208,725,000",4,0,1272
3322,JEM,4,"1,565.754624","96,651,520",3,1,1272
3038,EDT,4,"2,988.2888","162,407,603",4,0,1272
2460,GEM,4,"3,976.2","169,200,000",4,0,1272
6208,Htc,4,"4,979.97031","117,127,626",3,0,1273
5230,Ledlink,4,"1,345.284358","46,955,824",3,1,1272
00672L,-,4,-,-,1,3,1004
1526,SUNRACE,4,"2,772","60,000,000",2,1,1273
2495,Infortrend,4,"3,925.45685","273,551,538",3,1,1272
3555,IROC,4,"1,223.732858","25,762,797",1,2,1273
4702,ALLIED,4,"1,077.76468","72,333,200",0,4,1272
8121,ACME,4,"8,692.202793","182,993,743",0,3,1273
3484,SOLTEAM,4,"4,797.875122","69,736,557",3,1,1272
4154,Kino,4,"1,975.316","35,720,000",3,1,1272
3032,COMPUCASE,4,"3,212.1635","113,285,626",4,0,1272
6167,POWERTIP,4,"1,527.671742","162,173,221",4,0,1271
4999,Sinher,4,"3,140.3974","74,417,200",1,3,1272
5355,PSC,4,"1,122.990074","166,122,792",1,3,1272
6727,AMI,4,"1,491.008875","21,000,125",4,0,502
5525,SWEETEN,4,"7,382.0889","264,591,266",2,1,1273
3710,ACON-HOLDI,4,"1,617.834466","212,035,972",3,1,1272
4549,FineTek,4,"3,811.753373","44,477,869",3,0,1273
1220,TAIROUN,4,"2,771.25505","177,077,944",1,1,1274
2613,CCTC,4,"3,873.8403","148,423,458",1,3,1272
3162,UAT,4,"5,317.746654","76,531,342",2,2,1272
1446,HONG HO,4,"4,296.5208","137,709,513",2,2,1272
3536,STI,4,718.764,"106,800,000",1,3,1272
3631,CHERNAN,4,"4,009.224541","81,820,909",2,1,1273
3122,Megawin,4,"1,779.031934","38,299,934",3,1,1272
3147,JETWELL,4,"2,223.347643","39,006,099",4,0,1271
5314,Myson,4,300.6,"60,000,000",1,2,1273
4744,CVC,4,"1,182.28227","47,196,897",4,0,1272
4102,YUNGZIP,3,790.264712,"42,373,443",1,2,1273
6662,BioLASCO,3,797.82626,"25,612,400",3,0,841
8049,AMPIRE,3,"2,844.629382","118,279,808",2,1,1273
3652,Unitech el,3,"1,922.496","47,097,500",1,1,1274
4127,TLB,3,533.104,"45,760,000",0,3,1273
3490,singlewell,3,"1,573.377606","57,006,435",1,1,1274
9931,HSIN KAO,3,"4,395.114","110,430,553",0,3,1273
1235,ST,3,"4,530.8298","104,397,985",1,2,1273
1540,ROUNDTOP,3,"1,260.72675","85,473,612",3,0,1273
5281,StrongLED,3,764.2565,"37,010,000",2,1,1272
3115,TSC,3,574.62344,"43,697,600",1,2,1273
5432,SOLOMON,3,579.258512,"20,687,804",2,1,1273
3432,TAI TWUN,3,858.9594,"66,586,000",1,1,1274
00881,-,3,-,-,2,0,136
3033,Weikeng,3,"10,333.8252","399,055,443",2,1,1273
5538,TONG MING,3,"9,066.2514","201,203,333",3,0,1273
4170,-,3,-,-,0,0,0
1324,GLOBE TAPE,3,833.8431,"75,121,882",2,1,1273
3494,HiTi,3,588.596,"120,000,000",1,2,1273
2067,CYSTEEL,3,566.484121,"45,138,177",3,0,1273
2440,SPACE SHUT,3,"2,065.88745","139,117,271",1,1,1274
4911,G&E,3,"1,547.348","55,660,000",2,1,1273
6165,Lang,3,"2,116.4532","53,242,403",1,2,1273
2431,LIEN CHANG,3,"1,253.4751","110,927,014",2,1,1273
2414,UT,3,"6,178.277","161,735,846",1,1,1274
1475,BIG SUNSHI,3,"1,264.3776","26,016,749",1,2,1273
3492,ACT,3,701.7491,"35,531,600",3,0,1273
1788,HCI,3,"5,450.066875","39,831,717",2,0,1274
8927,Pei Chi,3,"6,923.066828","205,078,402",3,0,1273
4581,WKG,3,"1,196.6347","33,899,000",3,0,318
1580,SINMAG,3,"5,374.635894","50,230,242",2,0,1274
4535,FBT,3,"2,496.83742","75,661,740",2,1,1273
2321,TECOM,3,276.5138,"44,599,774",0,2,1274
6431,KSKL,3,"1,513.26","51,170,835",1,2,1273
4303,HSINLI,3,"1,274","70,000,000",2,1,1273
8089,Comtrend,3,"1,602.449156","57,230,327",3,0,679
6603,FCS,3,"2,585.290894","148,708,517",1,2,1273
6117,IN WIN,3,"1,449.4275","88,650,000",3,0,1273
2423,GW,3,"3,865.50255","145,047,289",2,1,1273
2616,SLC,3,"4,839.15525","137,281,827",3,0,1273
4907,Fu Yu Prop,3,"2,935.922583","118,145,778",1,2,1273
1470,EVERTEX,3,"1,560.9594","85,767,000",1,2,1273
4417,KINGã€€CHOU,3,"2,926.403255","83,971,399",3,0,1273
5202,NewSoft,3,"1,276.4304","59,094,000",2,1,1273
3054,LIWANLI,3,"2,243.7559","83,411,041",2,1,1273
1608,HE,3,"13,383.14895","632,773,506",2,1,1273
4304,SUNVIC,3,234.247423,"36,038,065",0,3,1273
2916,MUNSIN,3,"1,076.149497","54,626,878",1,2,1273
9950,EMINENT,3,"1,499.3174","147,716,000",2,1,1273
4561,Kenturn,3,"1,691.274789","58,521,619",3,0,1109
2063,SHEH KAI,3,"1,579.5","45,000,000",2,0,1274
4754,INCA,3,894.731373,"25,027,451",3,0,1272
3694,AzureWave,3,"2,891.46675","150,441,808",2,1,1273
3434,ACULA,3,374.55,"22,700,000",0,3,1273
8111,LIGITEK,3,"1,969.295125","109,102,223",2,1,1273
3543,JOCHU,3,"2,485.97455","89,263,150",3,0,1273
6741,91APP,3,"32,194.325199","120,577,997",1,1,24
5398,INALWAYS,3,"1,004.004246","49,950,460",1,2,1273
6189,Promate,3,"7,098.2272","182,944,438",3,0,1273
6754,Rich Honour,3,"2,699.4","66,000,000",2,1,412
3288,SiTI,3,384.088017,"22,660,060",1,2,1273
3642,Unitel,3,403.282734,"40,368,642",3,0,1273
4513,FALCON,3,"1,107.07632","76,880,300",2,1,1273
4707,PACC,3,"4,165.933781","302,328,371",3,0,1273
1506,R.W.,3,"1,737.66465","163,161,751",0,3,1273
4413,EST,3,380.473471,"31,314,689",2,1,1273
1456,I-HWA,3,"2,085.27","93,720,000",1,2,1273
4530,Honyi,3,368.454762,"46,172,276",3,0,1273
1463,CS,3,"2,408.4252","173,268,381",1,2,1273
4538,WINSON,3,"1,004.0744","50,456,000",3,0,1273
5212,HYWEB,3,"1,638.1409","34,633,000",1,2,1273
4945,Sentelic,3,"1,749.4338","30,059,000",3,0,484
4550,CJME,3,866.508131,"37,838,783",3,0,1272
8424,WELLPOOL,3,"2,202.921885","36,054,368",1,2,1273
6264,KL,3,"1,058.833148","116,355,291",3,0,1273
3646,ANT,3,"1,025.661383","39,297,371",2,1,1273
4534,trinity,3,998.972218,"89,193,948",1,2,1273
6418,Y-S ELC.,3,642.1092,"34,522,000",2,0,1274
2906,Collins,3,"3,199.3983","209,111,093",2,1,1273
6509,HOPAX,3,"13,873.64849","173,204,101",2,1,1273
3663,TTMC,3,"3,149.391742","73,498,057",3,0,1273
2424,LUNG HWA,3,0,"27,025,000",2,1,1273
6616,TIL,3,526.8375,"23,625,000",2,1,837
4207,TFC,3,"2,269.271648","162,090,832",1,1,1274
1742,TWC,3,"1,445.31","71,550,000",2,1,1273
5450,NAMLIONG,3,"1,988.874063","122,392,250",2,1,1273
3191,HOLD JINN,3,388.924375,"57,194,761",0,3,1273
5603,SEA&LAND,3,"2,525.105997","80,674,313",1,2,1273
6768,SPG-KY,3,"14,350.494","196,045,617",2,1,45
8923,C.T.Publishing,3,511.83223,"30,375,800",2,0,1274
1535,CEC,3,"4,875.4348","123,742,552",2,1,1273
5403,DDSC,3,"4,374.708358","70,893,045",2,1,1273
5206,Kunyue,2,"2,603.9475","155,925,000",2,0,1274
5546,YGI,2,"5,212.0587","82,339,552",2,0,270
00637L,-,2,-,-,1,1,1273
2901,SHIN SHIN,2,"1,815.11855","73,043,283",1,1,1274
3236,ABC,2,"2,657.537626","92,920,896",1,1,1274
4730,-,2,-,-,0,0,0
2364,Twinhead,2,491.0202,"24,799,360",1,1,1274
1724,-,2,-,-,1,1,1274
6113,ASEC,2,530.49926,"50,047,100",2,0,1274
3521,DataVan,2,687.689847,"47,263,907",1,1,1274
3043,PCM,2,740.5364,"194,878,166",0,2,1274
9188,YORKEY OPTICAL,2,-,"818,580,000",0,2,1274
4712,NT,2,445.092051,"73,690,737",0,2,1274
2250,IKKA-KY,2,"3,240","27,000,000",2,0,20
1809,China Glaz,2,"2,430.44655","167,041,937",0,2,1274
6215,Aurotek,2,"2,351.2076","82,789,693",2,0,1274
1733,ApexBio,2,"2,293.8525","99,950,192",1,1,1274
3297,Hunt,2,738.630872,"36,839,445",1,1,1274
00692,-,2,-,-,2,0,1011
2230,C.T.I.,2,532.84114,"39,913,194",0,1,1275
4419,ENSURE,2,512.368087,"46,578,917",1,1,1274
2413,UMEC,2,"2,413.45305","127,359,200",1,1,1274
5324,SDC,2,"2,127.963446","226,379,090",1,1,1274
6419,NUUO,2,609.269571,"13,159,170",0,2,1274
3209,ALLTEK,2,"6,066.093","200,532,184",2,0,1274
1725,YJE,2,"4,682.09675","181,829,978",2,0,1274
00657,-,2,-,-,1,0,1255
1410,NYDF,2,"2,252.25","63,000,000",1,1,1274
8423,Polygreen,2,419.44266,"24,105,900",2,0,1274
3052,APEX,2,"2,447.2291","228,713,554",2,0,1274
2904,POCS,2,"1,860.4663","69,034,432",1,1,1274
6109,AtechOEM,2,589.846111,"59,400,414",1,0,1275
2947,Zhen Yu,2,"2,042.4716","19,268,600",1,0,184
5348,TSI,2,228.417946,"28,950,310",1,1,1274
4737,BIONIME,2,"4,216.821","62,235,794",2,0,1274
1615,Dah San,2,"4,554.71965","137,813,717",2,0,1274
3713,HsinjingHolding,2,"2,694.105","78,090,000",2,0,323
8930,CKM,2,"1,210.779209","81,809,406",2,0,1274
2114,HYC,2,"9,748.875","77,991,707",1,1,1274
4747,JCP,2,"1,071.669375","30,018,750",1,1,1274
4950,Mutto,2,757.50795,"46,759,750",2,0,1274
6154,Sunfar,2,"1,445.444","80,080,000",2,0,1274
3230,Jiin Ming,2,"1,402.465275","71,010,900",1,1,1274
8937,HER CHEE,2,869.7456,"72,478,800",1,1,1274
6130,SIC,2,"1,029.375","29,500,000",1,1,1274
9912,AIC,2,477.41376,"54,624,569",1,1,1274
5511,TE CHANG,2,"3,289.76","113,440,000",2,0,1274
8277,UNIFOSA,2,994.172838,"91,628,833",2,0,1274
3516,ADO,2,827.150032,"50,590,216",0,2,1274
6747,BTOX,2,"9,046.686","24,189,000",1,1,418
8932,MAX ZIPPER,2,"1,173.9775","60,050,000",1,1,1274
4995,Litemax,2,"1,424.619176","41,839,036",1,1,1274
4173,ARICH,2,"1,364.710697","74,574,355",2,0,1274
6229,V-TAC,2,"1,577.100975","35,640,700",1,1,1274
6270,PCT,2,"1,497.024499","72,145,759",2,0,1274
9927,TMI,2,"6,870.5118","167,318,534",2,0,1274
1558,ZENG HSING,2,"9,231.5875","60,535,631",1,1,1274
8034,OPNET,2,961.967993,"62,873,725",1,1,1274
8048,RUBYTECH,2,"1,950.069175","54,471,206",2,0,1274
6767,Wiltrom,2,906.74535,"29,109,000",2,0,377
8435,Zimmite,2,"1,822.775875","31,700,450",2,0,1274
6161,JETWAY,2,"2,054.542502","74,983,303",0,2,1274
3118,LEVEL,2,965.472585,"32,452,860",2,0,1274
1438,SanDi,2,"1,705.1265","51,205,759",1,1,1274
3285,MT,2,880.347674,"42,735,324",2,0,1274
5015,RODEX,2,"2,110.243777","60,639,189",2,0,1274
6752,GSS,2,"1,698.12","26,700,000",2,0,352
3252,Haiwan,2,845.798455,"50,195,754",1,1,1274
2718,PH,2,"2,024.8704","72,576,000",1,1,1274
6241,AMIGO,2,829.445285,"33,717,288",2,0,1274
2420,ZIPPY,2,"6,151.7144","152,648,688",2,0,1274
3628,ABLEREX,2,"1,620","45,000,000",1,1,1274
6133,GBE,2,"1,023.8025","117,006,294",0,2,1274
5016,Song ho,2,"1,858.346746","49,622,076",0,2,1274
6156,SONG SHA,2,"1,332.847779","80,534,609",1,0,1275
6203,Sea Sonic,2,"6,356.285522","79,953,277",1,1,1274
3002,AHOKU,2,"1,152.6","102,000,000",2,0,1274
3550,COPARTNER,2,"1,470.5","85,000,000",1,1,1274
3567,ETREND,2,"1,204.6831","34,127,000",2,0,1274
6226,Para Light,2,"1,586.3238","116,076,289",1,1,1274
6148,AZION,2,665.05,"47,000,000",0,1,1275
8935,PONTEX,2,"1,112.76","84,300,000",2,0,1274
6530,Axcen,2,732.375,"33,750,000",2,0,1273
2466,COSMO,2,"5,958.2799","161,024,253",1,1,1274
1465,WISHER,2,"1,289.90715","103,607,267",1,1,1274
4104,EXCELSIOR,2,"7,805.4844","141,148,970",1,1,1274
6287,AMPI,2,"5,213.932521","438,145,590",1,1,1274
6661,WELGENE,2,591.927899,"23,304,248",1,1,894
00639,-,1,-,-,1,0,1272
5302,STK,1,"2,102.78215","162,377,000",1,0,1275
4131,DR.Chip,1,280.576137,"48,291,934",0,1,1275
8934,-,1,-,-,0,0,0
6118,Xander,1,"1,486.044519","90,889,573",0,1,1275
00642U,-,1,-,-,0,1,1274
00632R,-,1,-,-,0,1,1277
8931,TYC,1,"4,022.18496","122,254,862",1,0,1275
9908,GTG,1,"17,117.2677","516,358,000",0,1,1275
6171,Tacheng,1,"2,456.661029","75,351,921",1,0,1275
3531,Shian Yih,1,"1,348.908993","61,175,011",1,0,1275
5007,SAN SHING,1,"17,342.472","294,940,154",1,0,1275
3609,HEP,1,"1,665.890714","30,679,387",1,0,1275
4503,GOLD RAIN,1,"1,134.710121","39,263,326",1,0,1275
6225,AIPTEK,1,313.05668,"43,723,655",1,0,1275
8092,CWPT,1,326.345174,"38,850,616",1,0,1275
3095,CCC,1,328.921726,"109,276,321",1,0,1275
3489,Sun Brothe,1,"1,101.481378","83,130,670",1,0,1275
00664R,-,1,-,-,0,1,1217
3570,OITC,1,"1,232.6937","17,097,000",1,0,1275
6240,SGAMC,1,325.860023,"22,867,370",0,1,1275
3206,KINGSTATE,1,"1,655.55705","53,916,621",1,0,1275
6218,HAUMAN,1,"1,285.24","64,262,000",1,0,1275
4609,AIRLUX,1,376.382537,"47,946,820",0,1,1275
6204,ALPHA,1,"2,123.081152","23,102,080",1,0,1275
5353,Tailyn,1,"1,515","75,000,000",1,0,1275
6114,JUIC,1,988.018583,"43,911,937",1,0,1275
4711,YONG SHUN,1,"1,218.0672","61,056,000",0,1,1275
3060,MIN AIK,1,"3,040.1423","137,563,190",0,1,1275
8096,CoAsia,1,"1,873.915378","142,416,429",0,1,1275
2753,Bafang,1,"8,684.786","66,044,796",1,0,179
6475,-,1,-,-,1,0,1274
8088,PANRAM,1,"1,318.955866","60,921,749",0,1,1275
8027,E&R,1,"6,304.849313","100,272,618",1,0,1274
6506,SBI,1,"1,490.730951","82,360,826",0,1,1275
9110,VMEP Holdings,1,-,"907,680,000",0,1,1275
1541,Chang Type,1,"3,388.4","78,800,000",1,0,1275
5236,Sunplusit,1,"7,503.762267","58,500,094",1,0,183
7452,-,1,-,-,0,0,52
2235,I YUAN,1,"1,402.8298","35,878,000",1,0,1274
8024,Alpha,1,"1,228.35472","45,160,100",0,1,1275
6819,-,1,-,-,1,0,90
3581,ZVC,1,"1,310.8542","51,006,000",0,1,1275
5515,CHIEN KUO,1,"3,372.464","257,440,105",1,0,1275
1341,FULIN-KY,1,"3,462.48","50,400,000",1,0,605
00675L,-,1,-,-,1,0,1157
3066,TAIWAN OASIS,1,"1,017.614997","83,070,612",0,1,1274
5304,-,1,-,-,0,1,1130
5426,CF,1,"2,041.96","143,800,000",1,0,1275
9136,Ju Teng,1,-,"1,200,008,445",0,1,1275
4706,TKC,1,"1,509.474776","79,030,093",0,1,1275
1806,CHAMPION,1,"4,663.1565","433,782,078",0,1,1275
5523,FONG CHIEN,1,"4,495.042456","155,001,464",0,1,1275
00676R,-,1,-,-,1,0,1157
00737,-,1,-,-,1,0,751
4543,MAN ZAI,1,"1,105.218","56,970,000",1,0,1274
4138,DMT,1,"1,524","30,000,000",1,0,1275
4571,KHGEARS-KY,1,"4,519.8128","48,392,000",0,0,433
1435,C.F.CORP.,1,"3,326.764","139,780,080",1,0,1275
8437,Dadi,1,"7,225.51157","47,851,070",0,1,1274
1727,CHCIW,1,"4,773.825","108,250,000",1,0,1275
8176,ZCOM,1,602.475,"72,500,000",1,0,1275
3028,ZENITRON,1,"6,158.1312","213,824,864",1,0,1275
2471,ARES,1,"1,086.819","47,253,890",1,0,1275
3308,BESTEC,1,778.6951,"98,569,663",0,1,1275
5410,LEO,1,"1,969.542324","87,306,123",1,0,1275
5452,UNIC,1,"3,228.171617","148,763,669",0,1,1275
3011,JH,1,"1,352.628","112,719,251",1,0,1275
6234,TERA AUTO,1,"2,067.959799","100,386,398",1,0,1275
4942,Chia Chang,1,"6,627.18385","142,367,613",1,0,1275
5520,Lihtai,1,"3,064.014446","60,315,245",0,1,1275
1468,CHANG HO,1,"2,053.184","160,405,244",1,0,1275
8087,HM,1,780.50171,"29,068,965",1,0,1275
5201,KWAY,1,805.20825,"30,674,600",0,1,1275
3050,U-TECH,1,"2,496.3264","145,984,450",0,1,1275
1454,TTF,1,"1,311.3133","129,833,848",1,0,1275
8093,ENERMAX,1,501.46833,"64,208,493",1,0,1275
1517,Lee Chi,1,"5,707.01625","227,825,007",1,0,1275
4527,KL,1,"2,101.805412","76,152,370",1,0,1275
6216,DrayTek,1,"2,455.797","87,085,637",0,1,1275
5488,SP,1,723.53038,"91,586,124",1,0,1275
3379,TBC,1,458.403063,"38,041,748",1,0,1275
1443,LILYTEXTIL,1,"2,131.65225","135,343,011",0,1,1275
1110,TUNA CEMENT,1,"10,439","572,000,797",0,0,1276
3402,WHOLETECH,1,"3,053.393526","73,047,692",1,0,1275
2482,UIC,1,875.2152,"62,072,549",0,1,1275
4924,HTM,1,516.585285,"37,164,409",0,1,1275
6151,GINAR,1,"1,950.58269","55,257,300",1,0,1275
5487,TONTEK,1,848.845694,"23,840,516",0,1,1275
3058,LEI,1,"2,631.47625","161,937,351",0,1,1275
6228,PIE,1,408,"40,000,000",0,1,1275
6728,UP YOUNG,1,"1,929.7","23,000,000",1,0,525
9937,NPC,1,"14,864.9683","309,043,000",1,0,1275
6405,ONANO,1,"1,789.76","65,800,000",0,1,1275
5356,SIRTEC,1,"2,694.496","103,040,000",0,1,1275
3684,Grand-Tek,1,"1,117.685311","24,591,536",1,0,1275
9918,S.S.N.G,1,"7,853.3595","180,537,453",0,1,1275
5272,AMICCOM,1,"2,025.625836","56,424,118",1,0,1275
6136,FTC,1,"1,992.996","115,536,412",1,0,1275
5490,XAC,1,"2,431.160925","96,283,601",0,1,1275
5516,SUN-SEA,1,580.16925,"38,295,000",1,0,1275
2365,KYE,1,"2,379.9968","224,528,496",1,0,1275
4406,HSIN-SIN,1,620.3484,"51,912,000",1,0,1275
3593,logah,1,"1,062.2577","93,042,416",1,0,1275
8097,ATW,1,804.425565,"38,674,306",1,0,1275
3089,EJECTT IN,1,"2,097.954659","60,113,314",0,1,1275
00877,-,0,-,-,0,0,223
00762,-,0,-,-,0,0,590
9926,S.H.,0,"8,661.068","179,504,075",0,0,1276
2064,CAMELLIA,0,"1,281.192","69,630,000",0,0,1275
00757,-,0,-,-,0,0,624
00882,-,0,-,-,0,0,98
1726,Y.C.P.,0,"11,745","162,000,000",0,0,1276
8354,KH,0,"1,174.057332","78,532,263",0,0,1276
00714,-,0,-,-,0,0,897
8410,Sen Tien,0,"1,262.3274","36,589,200",0,0,1276
4542,ANT,0,739.66321,"28,285,400",0,0,1276
6122,KPEC,0,782.240119,"70,790,961",0,0,1276
00893,-,0,-,-,0,0,8
2758,-,0,-,-,0,0,0
3332,CINCON,0,"1,921.764628","48,104,246",0,0,1276
8171,Formosa,0,"2,994.88473","58,723,230",0,0,1276
3709,Trigold,0,"3,504.845333","100,569,450",0,0,929
5276,Da Hui,0,669.525,"39,500,000",0,0,1276
6140,DCT,0,615.804891,"38,367,906",0,0,1276
5344,VATE,0,"1,453.888518","79,447,460",0,0,1276
1616,EVERTOP,0,"1,595.89656","194,148,515",0,0,1276
6508,HKC,0,"2,947.053745","85,670,167",0,0,1276
6265,KCU,0,"1,264.442016","118,172,151",0,0,1276
6212,L.M.,0,"5,946.6","102,000,000",0,0,1276
00662,-,0,-,-,0,0,1232
5211,Penpower,0,718.955121,"32,024,727",0,0,1276
2596,ReaLy,0,"2,495","100,000,000",0,0,1276
5460,MUSTANG,0,740.849483,"58,778,130",0,0,1276
3296,POWERTECH,0,"1,905.4628","96,724,450",0,0,1276
5013,NEW BEST,0,"4,789.6344","133,416,000",0,0,1276
3207,YAO SHENG,0,993.586741,"43,770,341",0,0,1276
9949,TITTOT,0,538.531972,"44,033,360",0,0,1276
8084,CHIP HOPE,0,"4,865.99043","69,514,149",0,0,1276
6485,ASolid,0,"5,318.321302","40,443,508",0,0,1275
6227,Macnica,0,"2,203.436205","76,111,786",0,0,1276
6841,-,0,-,-,0,0,0
5102,FU CHIAN,0,"1,262.47582","64,085,067",0,0,1276
8083,PRO HAWK,0,"6,323.97474","35,133,193",0,0,1276
3615,AimCore,0,"1,465.193286","68,466,976",0,0,1276
6833,-,0,-,-,0,0,16
8917,HSIN TAI,0,"13,263.568718","147,865,872",0,0,1276
5205,TWGET,0,98.835064,"8,202,080",0,0,1276
3226,TOPOWER,0,"4,407.051193","64,430,573",0,0,1276
5529,MEGA,0,"2,139.911645","124,052,849",0,0,1276
3114,HT,0,"1,565.62","59,080,000",0,0,1276
8067,Gish INT,0,281.7,"30,000,000",0,0,1276
2701,WANHWA,0,"5,467.09905","449,967,838",0,0,1276
5438,TIS,0,"1,913.121605","112,536,565",0,0,1276
8032,KORYO,0,"1,541.356425","51,810,300",0,0,1276
1570,De Poan,0,"1,053.192158","51,500,839",0,0,1276
3466,SKARDIN,0,"1,102.065071","60,887,573",0,0,1276
8908,SHINHSIUNG,0,"12,705.759209","224,087,464",0,0,1276
2468,FIS,0,926.98325,"69,961,249",0,0,1276
3664,Array,0,420.134837,"51,111,294",0,0,1276
3522,TOPLUS,0,863.94,"72,600,000",0,0,1276
6185,PLASTRON,0,"1,993.238162","149,867,531",0,0,1276
4523,TWNCAL,0,"1,843.2","64,000,000",0,0,1276
2061,FENG CHING,0,889.299964,"46,928,758",0,0,1276
6512,GoMax,0,403.75,"25,000,000",0,0,1275
6684,Algoltek,0,"4,096.715","24,366,000",0,0,752
9962,YYS,0,"1,443.52416","90,220,260",0,0,1276
6292,AXIS,0,"2,122.257218","46,900,712",0,0,1276
5493,SAN LIEN,0,"1,795.420367","41,608,815",0,0,1276
2488,HANPIN,0,"2,263.9717","79,999,433",0,0,1276
6787,-,0,-,-,0,0,52
6719,-,0,-,-,0,0,74
3048,EDOM,0,"8,324.186","244,829,794",0,0,1276
8047,GCC,0,512.496019,"41,666,343",0,0,1276
1591,INMAX,0,502.446826,"33,164,807",0,0,1276
1108,LUCKY CEMENT,0,"4,816.3822","404,738,049",0,0,1276
1453,TA  JIANG,0,875.3418,"100,614,980",0,0,1276
3290,DONPON,0,"1,488.256444","99,548,926",0,0,1276
5210,APEX,0,"1,336.822249","62,177,779",0,0,1276
8426,Redwood,0,834.0255,"50,242,500",0,0,1276
6199,TienPin,0,"1,059.184309","61,760,018",0,0,1276
9960,DACOME,0,925.473375,"33,592,500",0,0,1276
1618,HK,0,"2,794.0195","192,691,747",0,0,1276
00888,-,0,-,-,0,0,67
6840,BTL,0,"2,103.585","22,990,000",0,0,0
0052,-,0,-,-,0,0,1276
5514,Sun Fon,0,"4,532.419775","207,909,164",0,0,1276
00891,-,0,-,-,0,0,29
8418,JPNH,0,826.68745,"78,359,000",0,0,1276
3067,Phonic,0,815.609244,"20,000,000",0,0,1276
2438,ENLIGHT,0,794.574,"60,195,641",0,0,1276
4987,GODEX,0,"1,477.98","28,980,000",0,0,1276
6221,Genesis,0,"3,613.095478","51,032,422",0,0,1276
00885,-,0,-,-,0,0,62
4305,SKP,0,"1,815.462","55,014,000",0,0,1276
